,PID,band,EEG1,EEG2,EEG3,EEG4,EEG5,EEG6,EEG7,EEG8,EEG9,EEG10,EEG11,EEG12,EEG13,EEG14,EEG15,EEG16,EEG17,EEG18,EEG19,EEG20,EEG21,EEG22,EEG23,EEG24,EEG25,EEG26,EEG27,EEG28,EEG29,EEG30,EEG31,EEG32,EEG33,EEG34,EEG35,EEG36,EEG37,EEG38,EEG39,EEG40,EEG41,EEG42,EEG43,EEG44,EEG45,EEG46,EEG47,EEG48,EEG49,EEG50,EEG51,EEG52,EEG53,EEG54,EEG55,EEG56,EEG57,EEG58,EEG59,EEG60,EEG61,EEG62,EEG63,EEG64,EEG65,EEG66,EEG67,EEG68,EEG69,EEG70,EEG71,EEG72,EEG73,EEG74,EEG75,EEG76,EEG77,EEG78,EEG79,EEG80,EEG81,EEG82,EEG83,EEG84,EEG85,EEG86,EEG87,EEG88,EEG89,EEG90,EEG91,EEG92,EEG93,EEG94,EEG95,EEG96,EEG97,EEG98,EEG99,EEG100,EEG101,EEG102,EEG103,EEG104,EEG105,EEG106,EEG107,EEG108,EEG109,EEG110,EEG111,EEG112,EEG113,EEG114,EEG115,EEG116,EEG117,EEG118,EEG119,EEG120,EEG121,EEG122,EEG123,EEG124,EEG125,EEG126,EEG127,EEG128
0,3001,alpha,10.584586353141155,10.542370514385633,10.45598116460283,10.614737371629449,10.619122939245417,10.542743037428522,10.55689038426558,10.513139221297546,10.570319794211311,10.49941667098003,10.56753064881811,10.592012374322394,10.437539252593345,10.49512347937997,10.459915662333971,10.473863543074682,10.502947304798766,10.37669163686892,10.494872998841624,10.564242064262968,10.526594404310924,10.441044074548838,10.429842523331931,10.610072078611998,10.52498046568866,10.459787692847414,10.615155998102862,10.648542977058847,10.45022539720343,10.254203532350612,10.54603174545269,10.589044652158783,10.547937218787892,10.803183094344456,10.586018648944057,10.171825870990656,10.333821659998453,10.698265764515188,10.85706545319334,11.170751850518004,10.695300908350292,10.435667168236977,10.929339092252045,11.136927969744614,10.84226344817993,10.55980355370314,10.515929701398996,10.840187888551627,11.070250134040505,10.547383411519794,10.454007783733427,10.40697264216734,10.412782308755164,10.439055859504638,10.683932467239124,10.61702878800874,10.60306435128039,10.47023614073056,10.429522525734878,10.450895407509009,10.436980706814929,10.559300877609305,10.568336745680664,10.540178468417391,10.335038266062275,10.396306977301144,10.464849869679291,10.679962467802916,10.52754532387895,10.328877469702164,10.402308765363532,10.49590006237622,10.636583761963998,10.526073167425926,10.468362119271776,10.552443896459703,10.6401431082739,10.644657916211546,10.724509254309606,10.854849956622427,10.706607067117124,10.68755343683445,10.608497852404058,10.65616068780835,10.67456869930786,10.672295855112855,10.88064488252066,10.810352118674928,10.660033265188671,10.595379290871575,10.719911678804012,10.684188073403313,10.760361837614376,10.787407599155,10.620408172164607,10.711652069540506,10.724584350568534,10.83666844272722,10.693651009305002,10.763159756363924,10.70232509624327,10.85405633649422,10.725993944727753,10.795247943405508,10.745993578874945,10.63669487943706,10.70343769374791,10.861480711164496,10.81755759998128,10.784626672744468,10.70774912413856,10.65758170289951,10.69900348765728,10.674778797471983,10.719109099822916,10.719425280090151,10.657148625362431,10.60129630226226,10.69583985921791,10.646294624268164,10.630093554675334,10.631659983627014,10.462697301155488,10.584290572092824,10.62358433866883,10.644088212632766,10.661836320600248,10.706769319168608
1,3001,theta,,,,,,,6.905199899619268,,,,,,,,,,,,,,,,,,,,,,,,7.78855176612153,,,,,,,,,,,,,,4.631756061761393,4.803062754422172,4.811097296950233,,,4.864483584789979,,,,,7.722602311417311,4.785716091046248,4.852472461786237,,,,,,,,,,,,,,,,,,,,,,,,,,,,,,,,,,,,,,,,,,,,,,,,,,,,,,5.279183541772195,,,,,,,,,,,,,,,6.641378346390618,7.373427317197155,
2,3003,alpha,9.258072127069012,,8.798699811304703,8.515838064830053,10.43093324574502,8.721390516013685,8.310353195124781,9.128761784210608,10.387719936961537,10.48296118606915,8.217895424851699,10.334989114086158,9.61489332322148,9.247762461999336,8.632591878480827,9.946781952530856,9.588973080036553,8.788583149266,9.309357885970709,10.018225462225,9.507170481210457,9.199223862278435,9.566399151522724,9.95461434024669,9.634610234374366,9.837616263010924,10.375528720920103,10.385027238789649,8.431178765857403,9.99180601992181,10.339159904266833,9.73183814910289,9.17096546259234,,8.31079874770206,9.485178058117947,10.14689538899182,9.51046075353722,11.328599017686267,9.884741157307442,9.676031805338017,10.178595202427337,10.029970761467853,11.101217466350365,12.903623355073094,12.905869488289468,8.503248664724953,11.206616483687585,,10.09630192332917,10.412252577550785,10.212891873804562,10.144452787129344,9.637347728870283,9.001061480437546,10.30048869067048,10.10712742117432,9.596355178899335,10.481886607629324,10.69410151435534,11.04940420040892,9.980602839159532,10.287778896026438,10.226653204898104,10.17695749731584,10.15982502969593,10.044616798894891,10.256226678369766,10.183191205503338,10.48885696775496,10.057548199007938,10.131846763708186,10.071943136532044,10.007019024247985,10.05486961721931,10.029205597885763,9.837459958332186,9.61978077265139,9.671881514461914,8.53250878147874,9.908700235580229,10.027452415987808,10.060338061128157,10.100698417469298,9.421398786634876,10.815290024728144,10.99359106749696,9.930135561624224,10.151290380829728,9.37727187513523,10.242948900812108,9.890987532107436,9.233505642291426,10.050259161474468,9.368763387887896,9.795411392390422,9.617222103608,9.183965865417235,9.394916449862242,9.596614518417244,9.667352432497374,10.053097103671131,8.680269675337462,9.610960804994464,8.551297429618927,10.097464113946948,9.668875233375596,8.7295595051832,12.658697308712766,9.751514569226892,9.869727895645257,10.226688837459982,9.769180012737172,10.411756775747964,8.952778423782439,10.0244424511371,12.752026991580744,10.36300325818742,8.58605512554275,9.712388242919062,9.520454117008567,9.26566432908207,8.403357610381404,11.058851565006174,9.367212361512092,8.96455375080135,10.23955522421504,9.400236958442564
3,3003,theta,3.9894981179998696,,7.669525692176873,7.542571619673032,7.762271112690158,5.935879653080706,,,7.611498774768908,7.590103851505838,7.743347065824489,,5.993269889956563,6.823806406909184,7.662172712729744,7.760162632237618,,,6.664041763484194,6.069298654664788,6.918182291337848,,6.489623942474958,5.266181892732261,7.316863791516119,6.172965670893015,6.491063694609005,6.57539322286754,6.908682644382711,7.645802344016526,7.664744569875983,7.070623200392625,6.612684340546555,6.952894409973461,6.879664144979654,,,,7.235659804760037,,,7.420148706842115,7.187744181265659,7.144271206814107,7.299797249386541,7.313637225134363,7.468922391250553,7.693200980044136,,7.238625098849165,7.503688399916795,7.318235272014704,6.43779404134012,,,7.4112786661239,7.302016018681781,7.332030986479579,,,4.433745276187923,,,7.282468073789069,,,,,,,,,,,7.189692656505311,,,,,4.396117686334781,7.209096341572293,,6.410281568181622,,7.190567464073955,7.398235964409707,7.398445228680868,,,6.158067681281829,7.767870810241751,7.515540970919771,7.52989714317123,7.527172975485183,6.052282501235745,,,,7.076487749986223,7.334022051117901,7.300051155032904,7.381446325871567,,7.19399823934668,7.598708728527066,,7.310132217869184,4.389533100082282,7.28883251683531,7.359201825343896,7.322594407290495,7.506757475894128,7.107935993249689,6.791240382396543,5.955723466547764,,7.42904408216274,7.489756199903926,7.323318434709943,7.094894294868133,4.2119104391913,,7.603599166375403,7.509386906919732,4.3461950659500905,7.251315146280049,7.024275564166708,4.115654296912821
4,3004,alpha,11.179967964631947,10.270545785139548,10.838379103463126,10.99563860216499,10.971693520573533,9.97444619929163,9.861449409476714,10.994719687628104,10.175487741454308,11.111020491270162,10.904477406397255,11.6450799707976,10.926914039940904,11.020668537936793,10.866600280647631,9.9912273697884,11.01258015868572,10.961980578336558,11.209834375259028,11.953634722219572,11.052529835771296,11.012315755372724,10.7526711753386,11.261347397182844,11.063574682811687,10.955303050115791,11.34267719140722,11.248865779445335,9.874254689990346,8.76732172576551,8.670957017460376,,12.329619464257082,12.834905374119312,9.836160614924388,13.08154462189184,9.866811865199264,10.393682650245577,12.557909314764048,9.216621267781376,,12.577895996275108,,,9.102253952748471,8.46390674681713,11.10497013337777,,,9.790795980167012,11.293445011389997,,12.500000001991353,10.822793763263377,,10.611812232859158,10.064301819850895,10.166927525400672,12.670011636674383,10.65780047295218,10.607016139223004,10.919069796278915,10.48365795854677,10.75247818391641,10.760830376984536,10.850244458765722,10.739471236154396,8.226493155627141,9.04454455135748,10.71477601023386,10.25232950068095,10.83917230419608,,10.116397575314602,10.90668221516529,10.856393091187808,11.046257444243793,9.805176833619022,11.378031620996737,,10.1413865697612,9.779994048079422,11.070075416897042,10.27780346733409,10.915278993275791,11.078672896576094,,9.650476532653952,10.093058774301772,9.686924165618008,11.702832981081368,11.453555164558397,11.924729619042244,9.21428598278518,10.026012966962274,12.380226733944529,11.220765179741608,12.024353153338586,8.614329896782651,,12.958184974985624,,11.815718447224386,11.680779593966362,9.302977783753864,10.059723831384977,,,8.638900230598976,11.175712924551917,11.709737131484925,8.874994132115242,,,,11.486661290296142,10.209641793118514,9.203614118585858,,,11.114760019192806,11.339936766392675,9.818222082360188,10.905628625077986,,,,
5,3004,theta,7.366346487238292,,,,,7.548769184208452,,7.195401933677722,7.272191974005629,7.496861255302417,,7.588633781534757,,7.1890815126066485,7.248419247610246,7.792388781418015,7.152836660942167,,7.599509442997296,7.581764568162456,7.289342980169229,7.470763691012977,7.759164726528199,7.515261130168933,7.285392424978505,,7.52114986061538,7.460589444847653,7.421809621024305,7.53659584713215,7.356203330549733,7.487881991599341,,7.311960765230489,7.436863408131177,7.218331050524758,7.412962759828786,5.041628963360341,7.726589217605728,7.412194790974327,3.58624764353041,7.256880694817325,5.339008056926743,5.055540551729311,3.5715300697330337,7.404845083782054,3.67200942693672,5.303777338663224,,7.540382799259719,7.510133318709133,,7.036020797487184,7.640389753844217,4.601239500871096,7.442847930394269,7.436271420790182,7.471027007747648,7.481180421577213,7.61260768410402,7.593278159286065,7.270128583399943,7.416171088308513,7.450954223181696,7.537747282860712,,7.585304585786828,7.211912013209975,7.145590435653308,7.750788630932432,,7.715837165782485,6.965138989334009,4.946469125604103,,7.200382665578528,,6.688091312369684,6.945048978245681,6.9815017330469065,7.125224958487802,7.532331538893166,6.237560944416691,5.978334661620601,6.808850058849865,3.532853431511937,7.261427479969524,7.519331304293165,,,7.564345744388706,,,7.746170019418353,,,,6.33782555974243,3.942193685810228,,,7.75061011026646,5.67537586319679,,7.120451372189847,7.181270283185578,7.285290414662764,4.91545744782225,7.457417074857982,5.142606220590546,6.913551891670787,7.7023518212081585,3.7559607088947033,7.360868712425779,7.363269011530888,7.6860054419335,3.491268144794343,,7.22225184139063,7.280498117047204,7.342166383791374,7.187205329553781,,,7.385532149382781,7.620917157039965,5.747765197854141,7.379953115077899
6,3005,alpha,9.019535360360011,9.216963486666918,9.052676656278688,8.910613174836376,10.171673529059394,10.12551898190582,9.385687049289968,9.13532714539467,8.67576981251509,8.71924694785747,9.96644586897253,10.116127270188578,10.067470005728287,8.80703150129508,8.608936846262482,9.256896449110949,9.084967903683683,8.923361075662013,10.299239253989905,9.49530245520061,8.943339325124612,8.576174371739741,8.731558786313716,8.637506698513725,8.937102258321488,8.888467074631867,8.97005642304818,9.533645005375517,9.651746019507309,9.593366484754531,9.977608395599477,8.95880756448042,9.330750017252983,9.650590300655972,9.671603596191265,9.62199006847766,9.777220923219264,8.863326513334812,9.70549221605702,9.684060438332413,9.65303443372258,9.77680774535748,8.858388074108591,10.33990723357696,9.725035292302,9.723437019363596,9.492148898716296,8.776676209494054,8.592993315302468,9.537743952372756,8.837448488653886,8.606237587443482,8.472445716037326,9.030789557092616,8.65612355418095,9.581509981386697,9.606147725506249,8.567373850115573,8.966303687179975,8.387532751438291,8.97556241459711,9.59932104595654,9.144830412293375,8.963262967674344,9.21659525534088,9.332268790082736,9.490325530745697,9.36878862468289,9.501044782942197,9.552289092256585,9.614658412762996,9.651391585183475,9.545319026697822,9.597640677606163,9.588704882301124,9.74155226561643,9.74544929421782,9.79994006617906,9.540933051739469,8.895243268224432,9.582318260847982,9.58520452410058,9.69110036054199,9.774700741941846,9.855786056393953,9.758610616338292,8.427966245803757,9.587535164165596,9.566004769848089,9.729578752592232,10.394243779749218,9.832285502051588,8.77066536858126,9.410781335451034,9.643896309355087,10.491479443425805,9.69298770009399,8.810624040426697,9.681718803157588,8.775082759072198,9.629634736299254,8.895569894875386,8.842715077613212,11.81916020087103,10.086731736832377,10.104534750443804,9.68388048699896,9.6559887611769,9.453889398788483,8.520502347825254,10.358995405912308,10.290721301545478,9.43600481845903,9.0614751021067,8.910993707991626,9.10223204117233,10.262216136714397,10.250296044133918,8.94969094242381,8.828537844202362,9.046331372116486,9.050506481193151,10.21506838182537,10.14413128549984,8.898151516389543,8.770148390140623,9.89957318282817,8.807030537665412
7,3005,theta,6.190695790413471,,,7.004809271339284,6.985624613366007,6.998586642106252,,,7.158233379110799,7.225746802220066,6.989078173084064,6.823567353897978,7.71804136113353,,7.23944106629508,7.00665412443584,,,7.051308785996476,7.31683526923265,,7.342553424931671,7.252750699755659,7.483961557813246,,,,7.698880159067353,6.269258690169505,6.2937288903712805,6.402945974059706,,,,6.297238432256489,6.287011762246674,6.447688250298109,,7.734338931969348,6.311902844382127,6.295583159117416,6.36607864224613,,,6.45415037092301,,6.334760552755528,,7.599082448328205,6.284246178646924,6.478259925667753,6.45910497733128,6.2434387325282605,6.150881188980256,,6.306508226769152,6.3618496153328605,,,,6.493563934517028,7.271631868049861,,,,,7.578385507234575,,,,,6.823925871425606,7.49494810156148,7.608140357708493,6.811526510445748,,,7.218479693376647,,,7.360436178162564,7.419502813807107,,7.240181195084488,7.314974256494306,,6.586331715640438,7.429990249094306,7.43803782030157,7.335770374478004,7.266154201576322,,,,7.364282474608595,7.332796109393374,,,7.328255889580324,7.428388012087616,7.479023813463421,,,,7.258565731182707,7.339245892766922,7.475409829017608,,,,7.2220219539126,7.025545895599384,,6.31557231176174,6.119703329443604,6.120600606813497,7.134063134331757,7.050705741922755,6.456527736249669,6.291837592492191,,6.168883917644657,,,6.129921092829174,6.534590054476048,,
8,3006,alpha,9.988364946323076,9.345263190605896,9.07740862987183,9.607474955370026,9.386201978454622,9.36833326300473,9.368607254984637,9.20031192460266,9.187956732258336,9.32153391830364,9.141576543358331,9.351663979056644,8.902767148164433,,8.915567923533446,8.835981345927912,,8.42158222361648,9.052181049775822,8.988025431738981,8.253084835112492,8.276116683579971,8.8342928162664,8.973177880736834,8.584217896707438,8.80865691544152,9.039371064205588,9.037347450821397,8.998674381584118,9.01425351829207,9.362024901370116,8.892066523615274,9.432884546172014,9.487015770458385,9.275326266599947,8.65583664643357,8.669278891533537,9.045625369064451,9.630874349105074,10.683633497465737,9.946562034647908,8.725748609511502,9.421192830277606,9.376960437185897,9.324854560740956,9.098428484809528,8.928930124682894,,8.88021557089666,9.4015706994165,9.47427884680977,10.080152933719829,8.85231764748094,8.873564724090325,9.352227808029117,9.46121722094138,9.5751661971974,9.89179760975066,9.901986810949328,9.670785745034134,9.093584369260276,9.266086895686778,9.914807529175892,9.796670293830772,10.1278830836373,10.436183234010016,9.069889832291553,9.870394761911438,10.474477546823772,10.108081681128162,9.2794891385468,9.086091948932866,9.37825657376342,10.174078357503468,9.892854419419674,9.760069710165196,9.106589470666666,9.135613678299093,8.791542143524344,9.603992294302392,9.670040222745698,9.720693470591836,9.72246714582508,9.769521862693312,9.669665957515772,9.775662809441508,8.876724713216596,9.707183529114907,9.65099577648699,9.65898874847879,9.62889508580098,9.38360722936416,9.236916759464805,9.682223325579582,9.740396666969444,9.663583198022357,9.316947569771026,9.224040876888765,9.967890687963791,8.926848994183265,8.974377199950736,8.99163032020908,9.139007571956766,9.2196331708026,9.575168771981758,9.465879325395752,8.629383430664095,9.361636918856677,9.308120402073314,9.780152269793346,9.175094139352677,9.492085213043136,10.067923845473729,9.909032786411618,9.031000443740409,9.369162148319017,10.082050784815577,9.49712981820066,8.389246028387243,8.80606391042009,9.291478542455488,9.4457845585273,9.26382682361642,9.314493580362566,8.723725893189352,8.491979867420506,,8.868509221865823
9,3006,theta,,,7.474593662235795,7.404854784781944,7.230012173200477,7.633573694951642,7.338117359164626,7.502307119530807,7.40209421273042,7.289039088828323,7.219215119709322,7.265539938203534,7.254970419853365,7.489049910020639,7.217617964068543,7.240031902731397,7.483538933110538,7.238079105504499,7.279391491158378,,7.248819783431088,7.193207542715363,7.316197775533684,,7.279342331071093,,,,,7.23401114794459,6.787506219349725,,,,,7.189993949661163,7.503708651365477,5.145170588647999,,4.601106658837454,7.3733179368289266,7.398041163763487,,5.050810781539817,7.792855782321834,7.538818214594563,7.499823500941443,6.819410221305913,,7.450172573398491,7.331260753719823,7.455939928525986,7.499089784417064,7.160704600384055,6.499964016525073,,6.935177780345318,7.020068116368731,7.110180246219485,7.565592024478599,7.343748300491443,4.795005199368125,,7.030586364347307,,,,6.947877024375222,,,,4.597657773418804,6.604780570984322,,4.12292515518901,4.4796289417944735,,7.188704151700351,6.885369716599656,6.433217740540529,3.977765542284541,,4.334328452866406,,7.635457264466365,7.315424972104474,6.3174436777294,,7.5898663955513,7.558038020259364,7.607666846985179,7.575970277043551,7.658466829685485,7.571438182960102,,7.556770206191836,7.450345677649989,7.720966825906082,7.470834295040341,7.392381133344455,7.474014512274779,7.6245737297986675,7.723697917248876,,6.236002878352998,6.597792670996731,7.25212347550548,7.438067769714137,7.63307935575229,,6.109449224353332,7.473024623573135,7.063204937710636,7.126420063036654,7.337767173805443,7.623383183110125,4.269823990403405,7.779830955362728,6.892166584640767,7.056643730692757,4.194131758047941,7.46304003467936,,7.744758945635151,6.517734922656997,,6.8585449935429015,4.8301976762465
10,3007,alpha,8.835215239928285,,13.219944745958694,,13.444500651748664,8.425865780655878,8.838692113553245,,12.551591750522515,13.09519650824648,13.14030953944551,,,,8.627192101521128,13.314831026533206,,11.499999999999204,11.499999991206334,,,,,,,,,,,,8.371972596265401,,,,,,,,,,,11.31445428816907,10.015778700220467,,,,11.18916265754244,,,10.10959550673524,10.568645692103438,11.432189514349044,11.210814749002422,11.62567611608801,,10.0959307991305,10.002155006983836,11.296372093956354,10.898264027624789,10.673379643341864,11.926522749604125,11.350792439331643,10.09593080172767,,12.737417455387105,12.18033203119498,11.79287378707007,8.94710345527671,9.38458972049911,10.25510678583067,12.294388096113147,11.623617590741349,,,13.390154905147424,11.87881260044504,11.304741442247115,11.047529003895669,10.537017056777865,,,,12.473520087190291,12.48435427531475,11.429726603108424,10.643792611752255,11.448233359042169,,,11.102148218483327,11.26462502426226,,10.829086924569244,,,10.937866397929849,,,11.499999999999998,,,,11.351739169186342,12.124783287590992,,9.93313759140653,,,,13.07261611340524,,8.319449593205803,,,,,,,9.483069112842983,8.680952633411646,9.011269849963703,9.515312859470011,,,8.84851428461345,,,
11,3007,theta,5.118949456643713,6.628149045988696,7.15479028742684,7.0310287485138,7.212126942855973,4.423193881275873,7.034272749878518,5.83951093920963,7.019310333005591,6.960079074591188,7.0679321015547,7.006223280707975,7.1535488024188405,7.005308158595834,6.022033160974493,7.066669709565861,7.095772340935094,7.1541133506350265,7.067550747740321,7.280298066737766,7.313188658255441,7.18975304561361,6.9575106158195625,7.16938777332759,7.184816838582209,6.794193668457957,7.109989283246806,7.177257078300013,7.27593422366582,7.336300793517345,7.1608477901289005,7.099761062517548,5.3870297178634345,4.192784020644945,4.629532363692515,4.267430820259032,4.226447844121997,4.709165904459495,4.283000942268384,4.172929027242202,4.998645409699544,4.16951450679797,7.2845959849465745,4.224152319436673,5.394329011557807,5.87302714874952,,,4.367365467174135,5.686841295996463,6.372578646602731,,7.693218868180689,,3.7175653484790656,4.730787887666302,5.202490631435653,5.815078386972451,,,,7.607509766371417,4.993526177767046,5.132751513275414,5.291613003455204,4.203468845708735,7.696227198294084,4.751048069048238,4.663447256555094,,7.15324535227206,7.793277914620813,5.916771915228737,4.121961970614979,6.796827035426323,3.929617685414669,,7.152208606834488,5.34835561958658,4.412422741252432,4.45747943570029,7.092550889513098,4.128933642821366,3.473596652883904,7.158602628574679,,7.547638193601006,,7.163200901320463,7.061792512979865,7.197937429120909,5.489032696462654,,7.115694262046071,3.712463608550273,4.191469485074143,6.37034527819534,,4.007018664314677,7.333857492507061,4.338909853668806,4.844585044369945,,,7.238090748949548,4.456541945904961,4.6027023955052,3.6859027354085865,3.983027484817847,7.239326262015672,7.167712356589461,4.533370273794295,5.097845777230195,4.7283268730598005,,7.6137987003537715,7.556678969632839,7.193861141922657,5.157816813732492,4.885806777036224,4.809676810170719,6.889047171652889,7.289571085301856,7.1809365898963184,4.939265234824006,6.649418937106508,7.059149594153189,4.7899648344243015
12,3008,alpha,10.809462222707664,10.78490416328433,10.691802191253762,10.694322777037334,10.687354825035946,10.751462331561155,10.682787064344373,10.78254727780003,10.749147910422264,10.733797591025084,10.746661799743684,10.757067988892269,10.753674547954391,10.743454968762853,10.732755894069216,10.7696030161593,10.711298448198136,10.753469342803026,10.751140142081676,10.77490343671672,10.78608973890781,10.781942507775865,10.788963486552706,10.780238417765815,10.936389228367378,10.818912143534568,10.72981554287013,10.737054150597425,10.707431313926048,10.639987286818478,10.567896167511522,10.852193773555111,10.8115366127727,10.665678022026222,10.688569364711256,10.648522137937777,10.636197727753697,10.760092818660086,10.579738950140724,10.657668307949786,10.649189033424426,10.672419546676515,10.681435604542171,10.6242081512783,10.313558255377128,10.642672612956424,10.705476684631826,10.651489091435137,10.577664247208531,10.465133894764271,10.715329219394784,10.762857645520572,10.70383514564504,10.633320710684249,10.48200361210999,10.41733301211239,10.31564281403251,10.606058358369037,10.724903141459269,10.760482770978554,10.705785796269778,10.734966663289564,10.375031247566096,10.408845827252316,10.629735560195275,10.693533977529444,10.777563437551391,10.393015263426705,10.465286997088228,10.632684422796665,10.8176833411177,10.85631311880825,10.463514423350343,10.533611710837018,10.771103718628378,10.912028821049164,10.96130859761768,10.760183521643828,10.68777380845399,10.5129056812566,10.476694112693131,10.66589071031614,10.910149531171898,10.752207937951445,10.773190647693236,10.874147407905284,10.65706165065832,10.524888889947878,10.75311414918128,10.9903678970999,10.751471445070306,11.01288159643339,10.920836975681343,10.568735874302993,10.6786039166405,10.721689506832249,10.703813396817722,10.98831879830018,10.477698433159151,10.653491277527468,10.596390489087064,10.88376083264144,10.893318988566776,10.75070103125575,10.594972779701491,10.594422281085096,10.485852633644257,10.519005921595864,10.60508915464267,10.645161469916715,10.62671069418558,10.661546989470528,10.570247405864457,10.634345313040228,10.491619766181373,10.634667816697132,10.636562054190902,10.701777461406364,10.61001004897959,10.674469398002936,10.716701330632944,10.744407909869704,10.67045020477702,10.652354088313448,10.74291281567895,10.772496506197433,10.749668171412862,10.774529320484527
13,3008,theta,,,,,,,,,,,6.167826320338294,,,,,,,,,,,,,,3.452034599136025,,,,,,,,6.144010592437748,,,,,,6.370353234725403,,,,,,6.752879963198384,,,,,,,,,,,,,,,,,,,,,,,,,,,,,,,,,,,,,,,,,,,,,,,,,,,,,,,,,,,,,,,,,,,,,,,,,,,,,,,,,,,
14,3009,alpha,,,,,,,,,,,,,,,,,,,,,,,,,,,,,11.404841572254576,,11.51573944934258,11.626122245834352,,,,,11.5645549595204,11.241876934963154,,,,,11.9898996303131,11.42305404418014,,11.82770799140129,11.71964459046366,,,12.193172635624396,11.972251396350206,11.857257371108554,11.491025396560024,11.623883242072624,11.672930706336672,,12.594140656624344,11.94485652478132,11.502902642662043,11.62395901263145,11.547865145114429,11.50035120727296,,12.06365217862583,12.073230264543216,11.76306963883276,11.744254273001712,,11.807337373792777,11.729192617294732,11.859575356919304,11.530753021625788,,,,,11.485646965962744,11.4773307962221,11.682181761856716,11.7526143940744,,10.60462116820876,,11.570765656571457,11.472861648259896,11.560424602902984,11.724285202509058,,,11.533520397720489,11.377658583485726,11.539532378880606,11.69176644422135,,11.564698202247468,11.318407636129493,11.374089796426492,11.714901468283983,,,11.691120960271814,11.81028394944112,11.818014498439249,11.861792437993506,,11.991718241390776,12.212120263426431,12.069485390033792,11.9216039032537,11.892997026509825,11.878895573926629,,,,12.060633818253391,11.938286579810995,,,11.807334142674344,11.68435439837063,11.68932501881378,11.974681238837618,,,11.50051835621964,11.42959698745334,,
15,3009,theta,,,,,,,,,,,,,,,,,,,,,,,,,,,,,,,,,,,,,,,,,,,,,,,,,,,,,,,,,,,,,,6.972407136921933,,,,,,,,,,,,,,,,,,,,,,,,,,,,,,,,,,,,,,,,,,,,,,,,,,,,,,,,,,,,,,,,,,
16,3010,alpha,10.574767617441813,10.76025819032009,10.643509207784794,10.71476815156726,11.118786502756029,10.84400989956116,10.765471718569296,10.722418182257488,10.647704434013326,10.991726057323056,10.922889685843357,10.796997838245844,10.737208138627462,10.68414060475964,10.722534872080743,10.93167815337088,10.614105306747051,10.700882339243998,10.590340178369154,10.585326184677676,10.648543512912267,10.6281275021433,10.491875780487124,10.595810197593895,10.592536628582812,10.494586121451276,10.569840187267124,10.91968519182632,10.883163428328391,10.694051670619393,10.634068609484272,10.6346401896658,11.009492294271093,10.728353067796784,10.844479034953867,10.183211033872784,10.673712173558568,10.275252583362736,11.195296982785438,10.561274768139931,10.591722555619402,10.478329984291465,10.711250747176198,10.205198297444966,10.100057008767694,10.673995216320836,10.633933851204212,10.054011552768422,10.480681030961389,11.05063063418791,10.535687896375372,10.614969099774198,10.70195505019261,10.666683315033335,10.729301966080138,10.946873374826591,10.460695797606414,10.629325074670252,10.539507814119125,10.644668008899036,10.617001869063962,10.771589579558624,10.711185992476032,10.720502081500156,10.608305433870107,10.614763274330633,10.738483437371922,10.82948626524812,10.642847019761772,10.705217187979484,10.69863545955322,10.732311092068452,10.75003241004247,10.600778521094243,10.675175246241748,10.655194455526988,10.650284722861944,10.731852842899412,11.087425559127404,10.372106279620992,10.749252081645269,10.610834650333002,10.55566130330219,10.486223571094994,10.624185939881691,10.734449417189998,11.588173505369635,10.646555202332818,10.507670432177544,10.29758868364032,10.388853966553642,10.87706062816058,11.892678872535049,10.548758398542088,10.474339511766582,10.58595372575251,10.76838445713826,11.867094253072084,10.586613913267444,10.589421990464048,10.465851803159609,12.046831869650964,11.968946795214942,11.292300114066762,10.754501975816703,10.652513404591383,10.440610805970016,10.673204664854817,11.347279259277135,10.925059073415278,10.753830118238737,10.690826063332045,10.267973302680868,10.452335107303426,10.633569271041669,10.661462613547863,10.730080923921014,10.71255846336809,10.386977912960743,10.271556467944873,10.431738769116553,10.531715555159591,10.658690779619064,10.693962429715889,10.202326223667685,10.03167414729514,10.810759026887636,10.396764355668072
17,3010,theta,3.274399104265076,,6.078302850999739,5.929851903232338,6.502937840782618,6.14792142198378,6.080404495846673,,5.944307026414428,6.28921708580749,6.238556165496593,6.1020146492202025,6.769488839862172,,5.885658957689569,6.169117395952476,,6.021934428644834,7.376207227404881,7.356719378163493,,3.668607546858901,,7.329871915071759,3.9185957547697816,7.658099218409688,7.2775268648661235,4.282723037730047,5.237835971696313,5.956444658682237,5.99651319082898,7.422867736693778,4.237772178252592,4.421887116080626,7.0549528046284,5.602990819993817,,7.405924832078144,4.2638888488554505,4.812755344561675,5.198299640625593,5.436099772591917,7.0823747576059946,7.32098436349701,4.341225106571431,5.269091174879927,,7.246013752265632,7.255567796438837,4.975929479104343,5.025255153006307,,,7.420793179358874,6.0509975986208,7.72277800745599,3.679901250824624,,,,7.414924128749963,,,3.540392481852608,,,,,,,,,,,3.751954304176704,,,6.803860820294736,7.030594058120723,4.546042677604521,,,4.296517261374131,6.644414166223061,6.731999344100662,6.807765594070399,6.917422069105871,,,,4.418095221370433,,6.823881429080568,,6.213796563132034,6.783226784742899,6.791748539432676,7.018467477260157,6.774467450270653,5.698595182876875,6.811482031406432,7.674057032896359,6.985737469330627,7.6296751273225,7.45985095027995,7.428543509750185,7.601762434270849,4.514207381941851,6.853412053340525,,3.3878178073405705,5.54796405257595,7.674214261396465,,,,3.3147057878301105,5.133287998007352,7.478178011313823,,,,7.555080967343166,3.627001878027896,7.391379931006988,7.272389679746359,,7.362113821364576
18,3011,alpha,12.022337578603135,11.017830573077726,10.765631806359162,10.561972556252105,12.973524090668372,11.932949601978692,11.585461920117025,11.049401590239976,10.914100772042833,10.726479597600775,13.272188238847509,13.406158681204944,13.405451549119189,11.431663873985617,13.301011358801306,10.551391635896051,12.22153911683681,8.446044312829365,,,13.256485583444803,13.123961075349689,13.065309439010177,,12.499166273118592,,9.233830380310668,12.947075253438458,10.460235604435308,10.741106960419142,11.389772898607587,13.145432166803014,13.071549926097118,13.00501183163478,10.489081302329875,10.75376435856983,11.197772169173552,,12.2581576878582,10.611512687610109,11.813536301949645,11.52397199166608,11.29951638849648,11.318016007387646,12.54344246816524,12.33405634273822,11.844970959263462,11.324700575060682,12.74730507360049,11.795952045471426,10.863939247603708,11.643018988440875,11.287298171752417,10.991116303839592,10.915038501896824,12.133992404507715,12.09891627158614,12.978426974259447,10.830427144134608,11.278974161464296,11.298332911667377,10.755842155728898,13.407303881348,10.72897867371912,13.11821506792938,10.593528956558698,10.99820995017394,10.000570687038092,9.984342010114045,13.123532519967558,12.957807577337254,11.32349420120486,10.510742547371391,10.49894653119766,10.389493736422285,9.909657380800155,10.752262379759904,10.683870457793097,11.078003527686574,11.117786709125866,10.504487626266226,10.784909300323406,10.389265170290924,,12.999372237416672,10.720324550525566,11.121297606398992,10.53865430059764,10.793053237017368,13.462455494758313,,12.816213890824528,11.970632422265211,10.37031490447444,9.796108229245895,13.382150520719806,13.199898108168144,12.808575676385928,13.392774979859205,13.010260255126834,,,12.822319397829895,11.68707827005058,11.733211955943744,11.938670299808942,13.335179013679609,13.357718604444525,12.791996237271926,12.40067918334216,11.97016436118951,8.985512920994125,11.22730467417736,11.748305141483224,11.785245067303842,12.122451521400963,12.192430574510636,12.61684263062191,11.998709316800918,11.57637252876398,11.936154109134009,10.981927799682524,10.846774298067464,12.371898715100604,11.925552534408355,12.22029794857105,11.293623618941828,12.613356245853645
19,3011,theta,,,6.583869977174292,,,,7.698241015993406,6.489523290907993,6.477961599834131,6.4317472894754,6.302784286915895,6.3566632782700845,7.545872136013858,6.414153542551165,6.300386979619792,6.314518111963628,6.433544123806169,6.25786452652189,6.231664531004342,6.220323692662666,6.21443272557148,6.238282732618152,6.128866949048268,6.115083117957279,5.691846336707806,5.740124291493509,5.9345796944601314,6.108773553384503,6.140020053324889,6.17193576694828,,,6.016748254962688,6.041331273800607,6.190817010103246,6.417120205822839,6.927061806120526,,6.62046908706275,6.23369439797929,6.499932826050746,6.604109728389345,6.6425282971392345,6.69764822805332,6.612150701149639,6.5704673091319785,6.868750752124328,6.818660963370333,6.763226353797675,,,,,7.629247812014455,7.780342655205681,,,,,,,,,,,,,,,,,,,,,,,,,,,,,,,,,,,,,,,,,,,,,,,,,,,,,6.026327788624482,,,,,6.552766979296663,6.903196711582251,,,,,6.878270420782775,6.917439286522661,6.877788827656443,,,,,6.223388523744721,6.925899692229011,6.676852220628502
20,3012,alpha,,,,,,,,,,,,,,,,,,,,,,,,,,,,,,,,10.783765842178198,,,,,,10.82542213632074,,,,,,,,,,,,,,,,,,,,,,12.829495319301984,,11.5995997525284,,,13.46873230332824,12.910969601731622,12.435896919597663,,,,,12.383446679438004,,,,12.399717493003845,11.523249508162412,11.814053138377792,,,,,,11.608781899120515,11.414379039274875,,,,,11.375603598407167,11.459007908034817,11.4381393060249,,,,,,,11.028823424435368,,,,,,,,,,,,,,,,,,,,,,,,,,,,,
21,3012,theta,5.068911922782904,4.7838762981083445,4.898625235741155,5.112234367273507,5.154717206664832,5.213634266453261,7.195146079590718,,6.414977165455971,5.642644443650839,,4.586880415144074,7.290471927806579,,,5.621191179454116,5.432580052700716,5.218756888230862,7.002606869815314,7.540888214488987,,,,,,,,7.48483002192266,6.286014990300369,5.277631063665472,6.840270794163935,6.731209536642064,6.643895759334101,3.780291178253136,4.5115737285781465,5.586462439334169,5.890028084921083,4.176228600597868,4.0536061473249445,,,5.337661149961077,7.268605551013457,3.6029177395794303,,,4.185775825611373,7.00749496917311,4.762538665318084,4.0222714819866585,4.670807038228265,6.143790103293888,5.97285080804215,6.520510883065478,6.683681993086942,,,,,,6.59119298929843,6.419764979733393,4.972005072622117,4.92031869400912,,,,5.006430062520352,4.992823392398293,,,,5.070103965049005,4.838294505801417,,,5.97692062119857,6.605154171722218,6.780114999544767,6.458738779049435,4.982186232912398,4.96427375476582,,,,6.825053929724486,7.137340517621836,4.905093383164657,5.153825327128975,,,,3.609963474730287,4.761384270352859,,,,,,,,,4.101601242039859,3.786970528117443,5.25339795982141,6.626134980099723,,3.8402155052846383,,4.484009356362562,7.352376080349827,6.324517120542538,5.023207629480364,4.690127272599239,4.299768956112761,,4.675640533345112,4.966241211132427,5.006641194769064,4.697013822646482,,,7.020722210614083,4.897583595115836,5.087157692323859,5.132260464535695,6.682257242187429,7.03445501936556
22,3013,alpha,,,,,,,,,,,,,,,,,,,,,,,,,,,,,,,,10.83178643561019,,,,,,,,,,,,,,10.62240555695426,,,,,,,,,,,,,,,,12.058308302738142,,,,,,,,,12.374274960597813,12.141215643763925,11.412785259438085,13.255432637675124,12.2904305474068,11.95185880829458,11.949937365045246,13.128623848681226,,,,11.36994053677206,11.847664088207535,11.699745525323529,11.733392004566351,,,,11.5640823252048,11.557534371041696,11.077649414756188,,,12.146294043248208,11.25941971368661,11.61400163811445,,,11.04595607939854,11.182662471909287,13.041560930378711,,,,,,,,,,,,,,,,,,,,,,,,,,,
23,3013,theta,4.977763906565506,,3.452035119805405,3.452035366008035,3.452034599136251,6.034312997499423,6.097027357397929,3.452034599135944,5.502776214243497,5.733487563361452,5.829419930263573,6.177065824123233,5.983206594874959,,4.576416508777442,5.688506405065492,5.541469412880562,5.726027543001079,5.816075196327334,3.4520345991477157,3.4520758856437754,5.516404901653979,5.673920704076096,5.968030626595017,,4.452034599135948,,,3.843661099518088,,6.349081944980159,6.842708385646198,4.452034604684317,,4.021796742126277,,4.749204003318653,6.715506429530592,7.658850064363956,,,4.523266963299624,6.702191998201049,6.8815102709329246,6.269155089086556,3.40262754690091,,6.023688518652588,6.019063082575909,6.561137105603634,4.791649517651972,,4.812806208851284,4.775224507288978,4.694975632997963,,6.706322379213275,5.787308133971502,5.100896190684485,4.306801061791168,3.523519417165168,4.452034654438606,6.181843673705194,6.312025780363663,5.578228220885045,5.394774487377432,5.178892881603185,6.800095608620272,5.707231610020664,7.452034601435383,4.639645391329116,4.99558694858625,5.576354368462376,,,6.225322252558969,6.586104730180111,5.363080101082144,4.802947579158184,6.177443944074189,4.105446974615898,6.161612032829812,3.6999683314494263,,,,5.20102684949723,,6.089175806764668,3.452034614831669,,,,,6.844643674056748,,,,6.403237672585945,6.384900753939051,,,,,6.014223267825332,6.5847607944428,,,,6.359950463189652,6.256514735553646,6.439644160294856,5.994592069918217,5.071449037344236,5.916324163043988,,3.2934563353348483,6.908064813583935,4.452034616374699,5.866580389108745,5.082934791695294,7.217325324820738,,4.899310739528548,5.607060698682513,5.97899049409777,6.570258729248977,6.762492451575683
24,3014,alpha,8.963689613705043,9.199999805093151,9.155156696347149,8.773000407912527,9.033300744409145,8.440980541565361,8.727730455586439,9.245620335626128,8.97457429835612,8.640383887453636,9.023871120523992,8.255642521885337,8.537677670149614,8.651470917141149,8.512596583728978,,8.929392188108542,,8.351283390075494,8.54642381961416,8.501416069854537,,8.272392965192227,8.532176217061696,8.462110857391224,8.465960201730892,8.682374214230405,8.687284121373978,8.824151992733974,8.954223136985947,9.862614396460998,8.621173232100828,9.115225940372383,8.830706230805923,9.254729530022848,9.190221817403676,10.0601824536548,9.196960380366445,9.568826916371028,9.177624877092144,9.383627627185504,10.156039631746893,9.493914567134652,9.571866017133772,9.442657507809848,11.82375046687052,8.839318353046878,9.449082162867604,9.889014116654415,9.388054618507484,8.346762974344308,8.845399047279999,9.799860111600276,9.97299493273352,9.4279548584209,9.607405303700604,9.585597925911047,10.56636864002321,8.948086754984333,9.190506985611869,9.32458266128617,9.280113570398829,9.512240801573324,10.065847361498966,9.016568619354942,9.439999611855365,9.23870217282694,9.622793975484722,9.37477401873667,9.071778655048252,9.213198656107974,9.13416902763294,10.390266155961225,,9.800610588355422,9.19806174612732,9.19023302346774,9.242135879709972,9.39525775583188,8.662867091246104,10.086324949755,9.652848996400357,10.070038746656872,9.392762995899862,9.11793368604339,9.620491217419763,9.238642463727638,9.846840754473613,9.681714821434763,9.8908356214766,9.627218923113196,9.3745397829747,9.34795332487777,9.751536072448165,10.114508537261948,9.561504214302238,9.308931272831972,9.26322650357122,9.92426284882283,9.538061179175886,9.404566553071016,9.19301990852656,9.239735306608551,9.239354054358264,8.960252887640287,8.229769408176237,10.120420013295524,9.114856513157545,8.95918220745628,9.11875609380067,9.25899976256649,8.388426092224863,10.387759975867876,8.67249414635498,10.303203198415469,9.501001802748856,9.179886277471374,8.98502208668563,8.826604168558505,9.88854732782205,10.917039770966094,9.530853752857327,9.141730215385444,9.017884703661316,9.192685284964831,8.955028005856919,9.102774844475093,9.302157716038243
25,3014,theta,,6.713380363180187,7.177856206159025,,6.788172439640291,3.5156949610218238,7.284144062408452,6.886823862251004,7.079759703077325,6.713670801229108,6.589811685860858,6.639248800668761,7.4084460407637724,6.835473982779732,6.845852985621686,6.736443664981221,7.1279069291479455,6.638817789095271,6.7440669294158,6.801866741363068,6.919620987106136,6.901607425670112,6.828222733764734,6.908905091022126,7.023621600677061,6.547965397568507,7.097164072031456,,7.221763591081577,7.299286966402574,7.735740547793322,7.034233685186549,,7.1757654524429615,,,,7.390451876920066,4.079061407242053,,,4.998933082710842,7.524748463617357,7.293984942888088,7.123923318625841,,4.495197674846313,5.297333621135827,3.252264263580235,,7.338300448952556,5.054274036541679,7.243284705066978,7.462814516640313,,,,,,5.331818606722948,,,3.4339837425273885,7.679628227644221,7.291588043150383,,5.315989563214036,7.626606721096854,7.503552610491836,,,,,7.067938124999976,,,,,,,,7.560696097568726,,,,,,,6.91645924546402,,,,,7.525434430209367,7.354780629734895,,6.688076993309803,6.779473751241264,,7.333630227105126,,,,,,,7.516170431052193,3.825136521216317,,,,5.890869259268238,,5.1955744172875,7.180535795607441,7.339222516255728,7.723488088162776,,5.3782895608186205,,,7.027660504300519,7.396817778276982,,4.504399859929251,,5.140065647975967,7.731708115378308
26,3015,alpha,10.23581111278074,10.930587178019223,10.658390143465027,10.637426374154195,11.078440376478694,10.023355686129404,10.198443079503258,11.012636183655456,9.923447509721171,10.548935723305986,10.32529977002272,9.888957744701385,10.293322440866874,9.972570364016017,10.004766666887564,10.15326993866304,10.07354176735712,9.927665543966896,9.978131206693693,10.37309831169649,10.078961103289776,10.000872220727652,10.00664334290192,10.003694724947986,10.07047612548674,10.15025194392288,10.031256451917416,10.171251024864588,10.577734836251478,9.912710519248368,9.632794583900056,10.14819323621136,10.260605382268784,10.342200789791589,10.718994119205233,9.95142427451291,8.241767375720098,10.884312118939349,10.694665439537868,10.19448538143452,10.174086887221936,11.810539105677586,11.140140217027152,11.11963668224899,10.036580103148388,,11.790889697968964,,13.139789670601504,,,,8.503549952766244,8.614203001730969,9.193097795328196,10.11491543508758,10.699657583877997,11.230428834774342,9.242306205046605,9.334469993104292,10.746825945381271,10.252066646234123,11.309681948973983,9.54960155678578,9.976916461605054,9.92895795873699,10.362791223979684,10.265844189128314,10.331686231484836,10.216129944644978,10.20251087825464,10.360050731141277,10.525902482148604,10.515449578798274,10.340030113159216,10.438930123657157,10.408723125296838,10.73960446504524,9.58264302061554,9.53565904533108,10.468768195290492,10.346873456492212,10.433179134728505,10.485334472501584,10.60730000379184,11.046639552655982,11.358632426493608,10.43517335304474,10.292521246106205,10.68977796310904,10.724187581626188,10.857531674606935,11.257355636398838,10.321151100636389,10.186684499640826,10.76561419729376,10.795833109663503,10.993795637187816,10.383309339842215,9.84345424583364,10.931465151284684,10.26319467351184,11.298591480800784,10.720642079234038,10.484803189034704,9.929536487212742,9.83525280420381,9.690407225624645,11.314907781621097,10.72242443782628,10.313460290496334,9.662221184158865,10.299292024215168,9.501391351661994,12.166303861194493,12.105955339477472,10.082821587151368,11.270309280117308,9.267522782241958,9.508495916830558,11.79073412702459,10.891530247603452,11.78845890733411,10.671296820562905,9.768687533205805,9.50619992202882,11.127618740406843,11.030963883252427
27,3015,theta,7.623381137237494,7.700819099684633,,,5.5825498829486975,5.195233377642663,5.313566594853237,,4.59634951138662,,5.231077314048377,5.119951484993854,,4.534783780537899,4.541693060237267,4.914154382579416,,4.87160753581115,4.880878426429705,,,4.625268882697812,,,,,,6.455252769849248,,,,7.4821644936114176,,6.771881435603559,,,,6.950327619514729,6.94481278652406,,,7.756545454524299,7.194873602313467,7.02369024742413,,7.466566647446849,7.542411705007354,7.438414140153647,7.604872164121277,7.440870524994651,7.537881677977519,7.608100091309031,,,,7.570430547457966,7.284358438748275,7.542600098590867,7.635030169006918,,,,7.570734043932322,7.315984922939313,7.4600074391486,4.587466989795151,4.213766677054951,7.465835080252135,7.450734096239966,6.547964703152147,,,,4.875268376174228,,,,,,7.697109521346771,4.933703861389653,4.931295409249758,,,,,,,,7.547965400864056,,7.484645832265334,,,,,,,,,,6.489274974487731,,,7.519198798833671,5.052582502016765,,6.305653645722502,7.218295009594403,,7.4745619077423395,5.212995199689511,,6.290698112275311,6.654354113259371,7.279456434426078,7.620634823431886,,,,7.431634556073511,7.306459710677475,7.720412700671432,,6.380508894240428,7.748233180718739,7.270881724721443,6.948877617846088
28,3016,alpha,10.939691861754048,10.89664408228237,10.819764328590823,10.663601499740633,10.657055703691857,10.57125050997018,10.68204819975295,10.923350179603938,10.822220891623152,10.690617783295984,10.714140412808636,10.6992269585711,10.72483297006136,10.88653103053519,10.80823160595079,10.785053232542504,10.911567353800876,10.73900470999642,10.720812919719554,10.77951362004337,10.91424753178679,10.68657821439119,10.682483772369189,10.744746061640624,10.958457877868303,10.641325072205886,10.565022079139773,10.799438952385271,10.941828586706295,11.087672392221288,10.721784293945753,10.791837633688225,10.600893445303386,10.833648684371465,11.086571156293177,11.495532788247973,11.510564379478636,10.612217382339711,10.645658668520522,10.963987688844226,11.219936261270236,11.29006611721813,10.888202607823722,10.920823949824111,10.673608438117872,10.896908821040036,11.00676405501314,11.03123030452815,12.17263956026075,10.60006589687533,10.687292150549156,10.850066467169055,10.889802833766108,10.764245629754152,10.668906703357187,11.498688130165348,10.651271786252735,10.655092485176985,10.65473981578501,10.706586222926022,10.607548956942066,10.604791223456438,12.71017319906187,10.794955979255374,10.722072823574235,10.70804649115833,10.655140241984832,10.844270126536635,10.801842239176164,10.81220874115726,10.810499925246296,10.756464766832355,10.93623611043886,10.913870285985276,10.834461834227188,10.83113238533737,10.824246248462163,10.646179794798387,10.702528033116934,10.590196141234976,10.649503314917489,10.747424048063875,10.906875086263716,10.916691342437058,10.887678278535562,10.919376196677211,10.88730775289542,10.554391512394934,10.729964790250497,10.84102017791323,10.870529063528643,11.133784473386372,11.394712251955813,10.592048744772802,10.710256017341909,10.771182746048453,10.988193609095877,11.361267217300762,10.852930828814651,10.595710692551265,,11.327239017828209,11.378215019602283,10.91724875949397,10.629222300452746,10.581420941204398,12.49673612779818,11.613012428265526,11.240716728625696,10.763513989009244,10.627412389665713,10.609990175215984,11.974515445082204,10.96920569456186,11.049270320159197,10.772471472598369,10.617302672515304,10.60041287115884,10.866329246333033,10.9385903842001,10.812746139420629,10.88949446719258,10.729350479834183,10.684096535788438,10.915486481865065,10.83513433107251,10.6093551736638,10.736850193065465
29,3016,theta,,,,,,4.346287085162545,,,,,,,,,,,,,,,,,,,,,,,,,3.940440973030325,,,,,,,6.700931594000596,,,,,,,,,4.74502257258159,,,,,,4.357429318442886,,4.0997391666582566,,,,,,,,,,,,,,,,,,,,,,,,,3.4813990027822945,,,,,,,,,,,,,,,,,,,,,7.097241112915055,,,,,,,,,,,,,,,,,,,,,,,,,,,
30,3017,theta,,5.709130107315541,5.915358049792307,7.178987548878827,7.104797815531239,7.012020976424847,3.663325032967558,,,,,6.157263184380378,,,,5.877000850952855,,5.644701282672886,,,,,,,,,,,,,,,,,,,,,,,,,,,,,,,,,,,,4.940094620956696,6.280922706797995,,,,,4.904885446008897,5.396790726146216,5.527769013287577,4.53858845408035,4.509894040575269,4.509394038139277,5.0210803159168655,5.119068171162537,3.963832715212769,5.137014820905022,5.128138521594207,,,5.37152179118575,5.161733591247607,,3.452034680355161,5.602635824943746,5.761357631262555,3.452034599136043,3.640197269993605,,,5.66691747892058,5.208817849633791,,,,5.446681815563115,5.599281454440693,5.732328521371295,,,3.983246494824365,5.594696196806111,6.69081091048178,,,3.908216478664025,5.75213230407729,,,,4.281949782869842,7.036187924020978,4.445217383896283,3.910597815137396,,,4.0714956365370645,4.536726252316213,4.841193690002522,7.1672247942776925,4.088391792790754,,,,4.888432897071811,4.845746436103682,,4.385232482069837,,4.61573187238548,5.4050849996977695,5.048931447041471,,7.778630747546541,,5.9395359489206045
31,3018,alpha,,,,,12.560511868326122,11.241169717830134,10.67836649300522,,,,12.42692118751968,12.00652425343421,11.540349557858123,,,,,12.39910612901972,12.39968026677426,12.024159902644634,,12.306678285839638,12.323557580622186,12.442086710847176,13.166029698829975,12.367658096878566,12.649131940871902,12.112214013784044,11.517075769431893,11.147754769840056,10.91082720580952,12.626864348781975,12.974145189557357,12.765009209551533,11.727443734858465,11.498772713974612,11.406740064471323,,12.878604905102575,12.840189810053628,12.75858551153914,,13.493944464157032,,,,,,,,,,12.596584321515408,12.1916127342563,9.116106884223116,,,,,,,13.2174071374222,,,,,,,,10.13204301851689,,11.20878297579436,12.33013930631776,11.743469684235867,11.08898582551726,11.091885756855191,12.009138522023852,,9.003473061487378,9.88335589261555,10.51081235470088,10.414051073539934,10.305008712691713,11.884911142236298,,,,10.232723334557972,10.053530380081032,11.92218963882362,12.751850326472104,12.8742933759759,,10.249008976786318,11.834611824948588,12.551165446839263,13.086436331763942,11.816660529321368,12.417884670791524,,,,,12.25402208540434,,,,,,12.217223118673454,,,,,,12.158361250274268,,,,10.499999999999474,10.499999999996884,,12.542420875164227,,12.492040121392542,,,12.43945953079805
32,3018,theta,6.49219065552588,6.255150915974178,6.754052439035111,6.885404481626049,6.055261353235152,5.031407282020854,,6.353067773130817,6.667889702183097,6.909836339697635,6.687726790323207,,,6.522799354301379,6.129271353019096,6.81267897344375,6.402493912430542,6.625458218755576,,,6.27835862045107,6.394293932070716,,,6.304342182411863,4.783840535803564,,4.847715164693462,,,,4.452035831237498,,,,5.993360072866616,6.478525792496285,6.523669606847115,,3.591176497374833,3.452034634573978,6.006230467137392,5.436497495500306,5.28251647531789,3.7512652175199337,3.705978896001154,5.94331340904302,,5.129795969019932,6.428859434587093,6.141654060068988,6.457707234749474,,,,6.329933670966438,3.452034654585656,,6.274778523493828,,,,,,6.004454922266857,,,,,,,,,,,,,,,,,,,,,,,,,,,,,,,4.558289238308693,4.5787261795118415,,,,,,,,5.452034599141367,,,,,,,7.658725492288613,,7.743226925560116,6.246559832430699,5.900650687287887,6.087273818622111,6.150055256921795,,6.127647552626831,6.414051002251299,6.260219886240722,6.204930120795049,6.154856959203423,6.541617899117044,6.419930273605583,7.3680011469376,3.931413516503437
33,3020,alpha,,,9.808348251407036,10.112221891243554,10.21401324168462,9.889338147046814,11.287765236837652,,,9.697920960436344,10.129209431108244,9.871177338109904,12.21488846219362,,,,,,,10.077439379561024,,,,,,,,10.572093212894304,11.281013691241652,12.975892376267302,11.47442591632521,8.830081425162529,,10.778494404791903,12.50846894425421,12.570597543821096,11.215217381000658,9.076862804842223,13.04812277458032,12.71117757037136,12.50048414271574,,9.380329525175243,,8.42280351616011,12.842760422924073,,,10.035184736030631,,11.790500819777368,,,11.522675363119554,,,,11.183252498141291,,,,13.496291776280222,10.488618784095388,,10.241824364824105,,,11.617338599483547,11.621725065446922,12.19493513760864,11.678721120340189,11.707454821289543,11.599949639871204,11.591400466624554,12.015786298210552,11.848067379767931,11.833591078441374,12.310300456773174,12.384517480954942,10.93509690531805,11.662221870309098,11.57112860968942,11.02180056026625,12.221946846682757,12.589664970948125,11.891427083881114,11.4505066864139,11.616482604975449,10.370144379815386,12.282936623707458,12.149834426046905,12.007753866197882,11.968940404657673,10.349070474446808,12.619057381718,12.089152026454112,11.827366451873296,11.991472846446008,13.005801064192088,13.159633510214688,11.423541776605465,,,,10.149524466670822,12.289109090540936,13.111703573159938,,,,10.058212748146872,11.572580791237344,,,,,9.847059714222029,11.839197024471607,,9.864117664158057,,,,9.837758452360552,,,8.892681431105204,9.065724929114005
34,3020,theta,7.543016725425722,7.300458442274631,7.458862136603501,7.480186942543072,7.398335661262127,,,7.420152664336041,,,,,4.602553824244189,7.200789087426341,,,7.1677837839680905,,,7.742662540463974,,,,,,,,,,,,7.293451615550274,,,,,,,,,,,,4.44899696451437,,,,,,6.531545873813156,,6.29021059520922,4.550548419732658,3.868351637498799,,7.124345262391156,6.896225008230534,7.292417793487655,,7.143748891364984,,,,,,,,,,,,,,,,,,,7.774660099331076,7.1531667239717365,,,,,,,,,,,,,,,,,,,,,,,,6.826051585419998,6.75662314143563,6.9722471594399815,,,,,6.8637512255217805,7.100133689486184,,,,,6.866189346283644,7.155589942581995,,,,,7.183853486499064,7.150506376990989,,,7.489406582630626,
35,3021,alpha,10.627790925923046,10.58103528592526,10.592853117372806,10.63852510431342,10.610770834771714,10.545042862879944,10.500561706339054,10.623763548008622,10.580341964912792,10.57094912732679,10.622796290973946,10.59190215334826,10.563903742502353,10.63888911208869,10.622955274735368,10.630173010648406,10.567438406731023,10.65540187597412,10.631479113428098,10.595673530403806,10.539690174508715,10.629159090707931,10.546280974332756,10.628285416658269,10.592076548454829,10.599086014387302,10.601160346706887,10.64859969650893,10.623336066794666,10.542682489528824,10.410551204110392,10.731554386764868,10.744681452793502,10.777364845646956,10.857501251156323,10.774125527000177,10.679042288717948,10.830501923869148,10.657263941164665,10.898781929389814,10.894902848175349,10.848008660510102,10.728754354816878,10.70073245332054,10.603675865844364,10.869750469389595,10.809799627151964,10.695850269734906,10.67572897337688,10.46698880765167,10.779240276792738,10.73825572006522,10.642891025744913,10.587116525635569,10.33892716889338,10.655915385017089,10.700245535488085,10.579865654213476,10.65473502923691,10.633081637229465,10.623927466733344,10.619135891874018,10.489256816559406,10.445364951923588,10.542097235971262,10.652550814202591,10.617421533510033,10.293958937287655,10.36429960888336,10.567280693314675,10.643704524591138,10.621144865761298,10.27400103639523,10.428582939915788,10.571232146783728,10.633987649964029,10.616889555729012,10.582383429194792,10.505597982558578,10.438434953609493,10.23140411720448,10.452361957540605,10.598227385476983,10.68532730129067,10.680973915898504,10.731382710642162,10.715368325649695,10.251185711742838,10.481822682918516,10.651020235477455,10.708498926535436,10.797237941276196,10.83661400121861,10.24350165477768,10.584244958006536,10.697862476382673,10.788459229293668,10.843843081567623,10.350853575255025,11.029985680884936,10.694271921717814,10.896479330631914,10.915146349175004,10.833101833944946,10.63719164703156,10.481522259509116,10.336556594792524,10.497512445132658,10.86417838584431,10.89401572202765,10.697138963059976,10.550600731756322,10.53912158435102,10.573272300936503,10.28665377102514,10.687113101846856,10.603909765618916,10.63203794958718,10.630843276300546,10.627419565460553,10.588047075062406,10.611227610271175,10.569994727776018,10.61231482989835,10.602798596593743,10.70791164928796,10.769886563262926,10.83344109787393
36,3021,theta,,,,,,,,,,,,,,,,,,,,,,,,,,,,,,,,,,,,,,,,,,,,,,,,,,,,,,,,,,,,,,,,,,,,4.388702296877915,,,,,4.574092947756207,,,,,,,,4.792266636266451,,,,,,,,,,,,,,,,,,,,,,,,,,4.067911807491807,,,,,,,,,,,,,,,,,,,,,
37,3024,alpha,9.728835186999492,,11.540492299950586,11.60860680336151,11.922914634651027,11.777337763065676,11.87074083183237,,,11.22554080375719,,,,,,,,,,,,,,,,,,,,,12.912357653683358,,11.404592137024451,11.682107044647893,11.516288690275148,12.719065248223435,12.001367361245975,,10.971752637496207,11.761290544036845,11.030314538987158,10.939499968762672,,11.18560243556354,11.708851730767066,10.535385700626968,10.790851584741,,,10.734838688088448,10.737700538378611,10.585050039236824,10.887132173444664,12.928482336879652,,,,10.53826467836611,10.565276632797666,10.864881326526223,10.796689796567438,10.329462622850338,,,10.66993985137174,10.288588050646178,10.90178004021026,,,9.010271168178782,10.45481988020996,11.71288078603711,,,9.358533703690409,10.931069380007964,11.068058041271486,,,,,,12.05006313267194,12.266293327849777,11.487193160859832,,,,,12.131940390112398,12.669747562119458,11.539200734942684,,12.885397224045802,,12.21057833996736,12.985637848287483,,,13.260402943381248,12.004924654035529,11.247818798734404,,9.662556045040738,,8.904069204669586,,12.632165541836615,10.168456588376053,9.368714919377352,,,,,10.8773223659159,,,,,,,10.368468649318435,,11.583456042577696,,,,
38,3024,theta,7.2127958412597,,6.835465038929055,7.053329287834176,7.051158596979501,7.094165756129713,6.97234757519101,7.252207945455222,6.985977661047453,7.075134709310884,7.31111762282953,6.926270996258253,7.216093509096206,7.111484964858845,7.165535541745699,7.286200008172614,7.19569860942496,7.214524372329041,7.068418521173827,7.0554897276248445,7.141694864667374,7.042756059644029,7.132689942498268,7.082571479789986,,,7.165060773022153,7.242908312770862,6.7791017539122,7.256806719093594,6.138181564839915,,4.177591886149201,4.620144500907406,4.815418923223271,4.452034599135944,6.937459711621644,5.749299477052469,4.928695611107199,5.091220953273132,5.21459756521288,,4.111761649468729,4.302629057987252,5.483607370577854,,,,3.733311585065288,,5.179732076017063,5.22261013185423,6.692270741111191,5.57266670087301,3.216345362733978,7.446617662056246,6.86971686481745,7.231325605993549,,,6.916720346993005,7.235090626957571,7.504900589627504,7.155863128791519,7.01252100110818,,7.033374794559865,7.671854897888902,7.28843766772761,7.1197416532345965,7.21744732387766,7.134050878771864,7.453783402071223,7.283336871972978,7.2273906190248915,7.1308550309413805,7.141435257435057,,,5.601004315124049,7.456602116877309,7.392267567417322,7.021792807206456,,7.492218543514549,,5.422988010892125,7.261175606729929,6.9718291325859205,6.912936769887279,,,4.938283109918151,,7.05755595310274,3.839039220629505,,,,,,,4.77853264534002,5.450966493518682,3.2238197738609102,6.536742946185327,7.194532949188868,,,5.30776971235872,6.659716370936514,6.701741413252782,6.592936471561173,6.7239849047790266,,6.793551250677493,6.73423723494588,6.335510669854837,6.969771579804918,7.125441090482171,7.114850499381698,6.962821931953158,6.67640061653767,6.350001353370677,,7.416080082101347,5.708714178187602,5.710834516441714
39,3026,alpha,8.326025197480151,11.87700735565554,,,8.859976259377229,9.998110432244356,9.819543277094816,9.057130405232584,,,,9.787214530071276,11.427738306294811,,,,,,9.779904669498578,10.203655071224384,,8.597270927194357,12.024772025443564,11.444083739365452,11.499999999912635,11.714920535636372,11.792899709207804,10.984400373801511,10.944501914330644,12.095416506135669,10.299707262218355,11.763560772647155,11.653040727286836,11.236102099851877,11.739974159160724,11.277083462841738,10.801472215579476,11.8068854970017,11.114386994864528,11.097715415329652,11.097482020242412,9.8260803599494,11.51442612725032,11.393288992858894,11.367494396875426,10.588425372907317,9.64271686980303,11.502076382455424,13.05769635330437,10.52528042124325,10.310292328758814,9.907793590472291,9.240042565233006,10.70079162742689,12.174066228798283,9.387572928959994,11.91966469992909,10.74103894063223,12.743009005486824,8.81570225154037,9.033198434970329,10.761451710334532,,12.955366061383687,12.8058848305978,13.003863204845752,8.874908068153667,,13.043680711534597,13.00718506885139,13.199391911918068,11.40860683304626,8.417856013567652,8.220353353040576,13.385830211589443,13.242888416452828,12.427504396022998,12.311069568885518,13.15303207486383,12.175499792569989,,8.306145886888155,13.13830088419337,9.894971998412954,10.398971318627629,10.584780000615035,10.768726467522503,13.42683338448385,9.889434004510209,11.81866392101716,10.426339825482373,10.64737327170378,10.690931265250926,,9.514867714902696,10.953293984282514,10.695001887426578,10.740058151350842,11.69955938616935,11.010077791576778,10.98396958091043,10.45642613603146,10.697332801386716,10.842138699719406,11.717778275418995,9.84438186365695,10.605819818858649,,10.004781514260197,9.310568080794166,8.393426033957793,11.98930919007499,8.608060768197173,8.828783524553137,,8.878713523344704,8.85974942624028,12.303828065414493,,8.415429605895064,8.51116604507345,9.881970244836124,8.34400663236956,8.451457690959439,,,,12.00286308630987
40,3026,theta,7.787499078833893,7.2213810687841,6.958707059706737,6.894481786752411,6.879808858959875,7.045814070625191,,7.256226960856183,7.1129013730106285,6.87778868867218,6.88671545104763,7.079980997646991,7.151402010983633,7.065388270511069,6.990827691874118,6.922161059484135,6.876177397389046,7.035685680395976,7.042290149339982,7.169152500485862,6.859530218204944,7.0514360484368845,7.225004662358196,7.195167827095441,6.897895857415931,7.205012284281072,7.421790380584061,7.418062560280284,7.399294141474185,,,7.5154663078774355,,7.6353684645267075,,,,,7.735608287357834,,,,,4.26149694845838,7.775461482099504,,,,,,,,5.118692456455659,,,,,,,,,3.814799505031465,,7.729975410787765,,7.720373355650517,7.705507438147286,7.75318547987046,7.773710172348846,,7.797731121806656,3.839131070515216,,7.76372435874513,3.967563475900684,7.442881966212483,,7.503893823482092,,,3.986461375643577,3.999298687221135,7.549573807980972,7.428972265418104,,,,7.7598196295432285,,7.622537384300627,,,,,7.527256560695043,7.480679631746618,6.693390338741894,,7.289389884059922,7.236222576083191,6.950570311067619,,,,3.3730834525388302,3.2196428123028142,7.398077381810263,7.165278248685036,,,4.1981387020950125,,,,7.666823560212353,,,7.763117322257103,7.681143871700103,,,,7.270689592858353,7.117396229433315,,7.269215402541358,3.30969013078272,
41,3027,alpha,10.740076668918013,9.766454133784787,9.63770938609242,9.584803460455436,9.391299782460887,9.268482223584712,9.924929463701112,10.138747164986206,10.062673933630435,9.62079445615034,9.484803992696882,9.201674792175638,12.171339193966752,10.420917325299252,10.0959770367769,9.738042382466569,10.589098127877454,9.57348988785878,10.771896977913425,10.447017673927098,10.035348957157163,9.59063913801164,8.816042883202181,12.04602827402403,10.09440425609037,10.766033891492098,10.42385768630905,10.526295811250051,10.032851122507775,10.50615490631121,11.433740580450642,10.665705826324327,10.04893690603133,10.585662444403448,12.01061132838913,11.474614761516378,10.92289412703764,9.514724990173066,9.835042982940651,10.17274632864082,10.923559622604651,10.967594396730837,9.342272445042491,9.515698010362971,9.7679954272497,11.062871198099783,10.082397735568906,9.478343272358371,9.169686134948666,9.708534081382853,9.91994906980636,11.320522664313051,9.978084494090115,12.755273125580205,8.38599108055979,9.713740463507204,9.672959504525592,8.873441959784135,11.24516868874848,11.164229167095726,10.804814948986014,11.54991053169562,8.949922251352984,8.911873807019271,10.930715302222929,10.266287566492284,11.915940786713056,9.627341650887884,10.293317655869632,10.186635599490687,10.948251225931,11.681212815722311,10.33503577322145,10.685049317671274,10.47567141832969,10.405145176066306,10.418378999243505,10.171283555670213,13.28165864446373,9.42593389192112,10.208719587548478,10.701237756814557,10.541554086662,10.605518698395889,10.23794253017199,10.429600872406857,9.469259803602364,10.31453851600168,10.575021964279951,10.21235899747934,10.3058517952733,10.11835598440196,9.930550365429015,10.548814149567718,10.690594495502696,10.7684909195483,9.854369074641102,9.65215933026197,10.998671082113784,9.714599979261154,9.734029530600996,9.698921380384284,9.239054460620894,9.407793223062924,9.14718507290823,9.595367904916408,10.103135373643754,10.076500011987248,9.877329744365486,9.89898261822341,9.99851940853442,9.310630681647392,9.699803300761053,10.694576485820791,10.46587368822865,10.035416495439453,9.494665760874955,9.720295945829124,9.61576620950501,10.16203791412238,10.74085789912788,10.250866636034663,9.57799812074091,9.55354094347759,10.572682667515764,9.82387171729544,8.707950600599647,9.33435953710308
42,3027,theta,,,,4.771339897858441,7.328433174060179,,5.215192168732362,,,,,4.277550339789122,3.5635892720975204,,,,,,3.669146973002524,,,,,3.783845913918105,,3.728634164944981,3.642179559339685,,3.629950908319219,,6.691642571766602,3.5196742330054462,3.822370340742764,6.487001887580435,3.993557399182984,3.887696576340526,5.392832556928041,7.216943592068508,3.821689342997248,4.019188718364231,7.0073590398591445,,7.364282748725156,7.510676610580895,3.965143786749948,6.742726927770412,,6.764102078532168,7.317426185365421,,,,,7.505401520976828,7.256231194083309,3.913415319638817,3.279366907891412,,,,,,,,,,,3.30931795012513,,,,,5.824956189297617,,3.787137088911518,,,6.163224388670796,,,3.62197199106558,4.042454547043891,,,,,3.626109032345096,3.554217758066545,,,,3.646701574809368,7.304984649830238,,,,,3.8694324401375417,7.764353004907347,6.209477479868572,,,4.339944785989986,3.8605982167577406,,4.545615797518464,5.149875547002443,5.07405584465672,4.99666311349104,4.454681615364746,5.0726026849065375,7.379597733548884,,,5.111672410683984,4.694125754583398,4.452034600202638,4.8287322375429325,,5.303712699377346,4.916267499647798,4.866080949739259,4.89242483476291,5.00884971571987,4.009640158780538,4.454701935100284,7.778487807339331,7.319319426116476
43,3028,alpha,11.72715830559838,,10.235808086819278,8.946281779524073,9.325446033873998,9.221723856396869,9.84896414458211,11.679595288490582,,11.581101005617365,11.637589064934796,9.251376236158364,9.351295250597907,,,11.109549167800465,,,9.949646726122523,9.512479446916132,,,,,,9.460389668362351,9.216326633627798,9.4974681984818,9.252071750193872,9.330655118636887,9.77740547644995,9.860232313134452,9.456528109394014,9.13165604967757,9.53803587207269,9.382468089280152,10.061973577083272,9.696127516863434,9.270566864998909,9.24406828033372,11.208520900747072,10.74661731920493,13.499999999923684,13.499999998395364,12.76414405311382,11.34122952209933,9.590001256492398,9.897151238620118,11.15924497975426,11.055321043074152,10.753143165873524,11.055376852687528,10.594998799310789,10.363792923160398,9.612596754127162,8.987417772750955,9.208143549994308,10.4792107526032,10.594473704134884,10.753885374991128,10.690583596633852,10.177500250746409,10.535701907435678,9.37711526652301,10.012807256819798,10.761573061046866,10.942117132655609,9.238444959276933,9.466660117920188,9.79129005885464,10.932742289535591,11.535023147555076,9.081750365771718,9.449995613193082,10.194940745156227,11.031937684964891,11.14249606903334,10.806736778381572,9.845389074119776,9.364450033207785,11.34100876009616,9.184236393018155,10.49974419588851,10.995017709124044,11.226799324462911,11.802947535617738,9.725742846503277,11.64128953366769,8.880847676856645,8.863502756506827,10.921665225214053,12.076621276427938,9.58111679935548,11.40027312732633,10.883278390666543,10.987631396247666,11.802338701974536,9.518439354244224,11.838988651837123,8.63796075698289,12.19134067849386,10.227567471891708,9.435060683071788,9.427115935008036,9.224748412488722,9.762635121301404,11.965404776588478,,9.320637073659428,9.421845099532565,9.467265811896594,9.446180222814672,12.782508857826114,12.499999999999972,,10.0203541174662,9.648009003857952,9.119228962615573,11.278373730672229,12.372442310802262,,13.00501120808176,10.612396480526408,9.81322831421385,,11.538270341610469,10.037184654974311,
44,3028,theta,,,,,,,,,,,,,,,,,,,,,,,,,,,,,,,,,,,,3.7296164319950496,,,,,,3.438468947165272,,,,,,,4.437428065049481,,,,,,,4.503025781535006,3.893080714524942,,,,4.849402994025849,,4.585378664659183,4.453245417682828,,,,4.573808289617584,4.604623782205425,,,,4.81484921500795,,,,,,,,,,,,,,,,,,,,,7.635885441345996,,,,,,,,,,7.529580176049845,,,,,,,,,4.577244798331243,4.686035970500622,,,,,4.637621328087848,4.6956689778572045,4.742417833485881,,,,4.780071696017701,4.432975067002013,,
45,3029,alpha,8.684660667018882,12.220009123140755,,10.28150095124456,9.380846393169382,10.772300866387477,10.327651148205575,13.015931873692166,,,,,10.323345171512186,,,,,,11.55080558136389,10.294248811050114,,,,,10.476821837534398,10.25890279431508,9.903234814104104,9.822659373619214,12.06535282797886,12.088188046019926,12.873766708268642,9.979382514676924,9.920699851932604,10.035667666908456,10.3067855392532,9.735064658270796,11.717355658337974,10.16729061962532,10.083719340520393,12.386242899550696,13.489075541739158,12.230993495162942,10.235296289610872,10.323996500340838,10.136023758229452,11.50804103602014,11.582122071323452,10.59808687992525,10.54467315356757,9.373849103774544,10.108036562685909,11.981579393934078,12.875266585402954,13.131090948101589,10.401241737050714,10.462965067366031,10.514444764906084,9.277619495851082,9.433463378057423,12.484846250334948,12.423603565993211,11.68732351869671,9.219617585888749,9.16150278720516,9.217264326984608,9.318123639776683,12.729227474153769,8.935397956456633,8.91465077890535,9.570960164768351,8.499999998485238,12.333454980795477,8.931529796216358,9.612131829943824,9.728392979641152,11.592107756280765,,10.95361156847268,10.32758997252349,10.243125544186428,9.381284701508232,,,,11.277415850280512,10.817669539008522,10.606700523964244,,,,11.388533995747933,11.032432946985123,10.812107803810632,11.315752055886277,,11.48158308878204,11.210101984816166,10.947488338395246,11.639831396467663,11.41679699106802,11.24669334274561,10.816495869690732,10.74713558711171,10.501331603463806,10.263946933945268,10.029419690703644,11.319801297545112,10.814115220493944,,10.478608038145556,10.169639585369888,12.256185905822392,,9.079367634698324,,9.944158346551813,10.0195539449083,10.724568082314972,8.928682024285893,9.197400302880494,10.4060339349898,10.26546749643485,10.392345004444785,10.207776153999395,8.39786212619545,13.305073083946578,10.448234249679054,10.190193182001904
46,3029,theta,,3.42236315863385,,,,,,,,,,,,,,,,,,,,,,,,,,,,,,,7.423024721595447,7.492966941301045,,,,,,,,,7.406427257045832,,,,,7.6409662776942735,,,,,,,,,,4.450256978907825,4.322946769639505,,,,4.4723195935324105,4.4477247409713465,4.18360723041514,4.438542891114286,,4.480259535873547,4.438942474628103,4.445077493649255,4.14853533265488,,,4.157259968738191,,,,,,,3.7984798131744575,,,,,,4.230791132791258,,6.545201446478799,,,,,4.452034622788383,,,,,,,,,,,,,,,4.596094896080034,4.338673471087505,,,4.904069232367667,,,4.568698380653962,4.696319381623639,,,,3.7671233330811,4.026595863488748,,4.352750189768471,3.6964042510560966,7.736837474269583,7.317044601857408,7.327376864632547
47,3030,alpha,8.994656112961545,8.928339511739772,9.35839193607158,9.487965037805363,9.665750060792668,9.664423757251802,9.916686060364643,9.181541931006567,9.45100282054729,9.379363413885407,9.559773020995566,9.382540975994043,9.651582877541063,9.434553901998123,8.956163790380444,9.178288292856308,9.428120323975962,,9.378002538251538,10.06141388336979,,,9.308082189738425,9.502897602476231,9.247049920112032,9.297555420684136,9.793855422877382,10.38301094801163,10.426797633229729,10.511109376624615,9.933323490424025,9.334023491781345,,10.692626273384152,10.738803421032122,10.657806481055628,10.48450574748639,9.63011736476549,9.561671700767084,10.348113204412632,10.37473250660675,10.277542245378276,10.48747697423527,10.454190955653088,9.939735345177214,10.086165147875022,10.089842674676373,10.401049953743431,9.732932479545507,9.573807282570447,9.60028679309247,9.603830360313768,9.807054095626969,9.617267863009966,9.585687233207734,9.557709997419233,9.564406251916983,9.49447558112074,9.496543149415094,9.474962699410955,9.514266589003752,9.33438681527632,9.623870161388222,9.483899975873962,9.446032233922097,9.508915981848215,9.476386527779155,9.459738212976529,9.462405082656202,9.536372966599863,9.535911050441978,9.35612857921179,10.170094886043572,9.364599936719756,9.269429282638136,9.413068068677283,9.693487845807931,9.687493936561292,9.866494250811154,9.888327171838052,9.367975758793415,9.157328388387102,9.689150268968008,9.693898317991716,10.014621555438726,10.385090692032945,10.012053049228715,9.524768404056308,9.713073821169523,9.838464101141,10.028040233670144,10.016432518411,10.25375868662916,9.693295568489113,10.147230365426925,10.005934023833309,9.972312302141685,10.061890140009508,10.04731176598026,9.959580362985967,10.039933042080694,9.937940625029288,9.903082707468773,9.740238634400496,9.661230998166417,9.514994649708228,9.9091705390124,9.952318893917516,9.677184429030724,9.612739474839206,9.631559149007934,9.728133983754118,9.67112178817005,9.753892170653916,9.670336974284783,9.36715270904734,9.546656799967671,9.600942730110274,9.362926838180073,9.606964270668753,9.49217431019468,8.915480618837364,9.302349221642706,9.469548240106809,9.188993249764517,9.147429150123624,9.414533592085158,9.508706118712098
48,3030,theta,,,5.994463983740512,6.009409618603697,,6.101984522738832,,,,5.953458920099272,5.936906815843702,,,,,,,,,,,,,,,3.942950709974564,3.995264973110416,3.693742044371087,3.945000671885035,3.745711285000599,,4.177553561457561,3.909727893353456,3.9934159096176143,,,,4.1146096533705325,5.533594051260177,,5.149538326455546,,4.09241924030573,4.290513408692086,,,,4.207154288610226,,,,,,,,,,,,,7.531083885588204,7.202110025926489,,,6.154034103778918,,7.3106012086625665,6.006110361790004,5.927321204234225,7.648730058314745,7.25443278838053,7.28387953715386,7.19604822481481,7.07886726748447,7.3514162905808815,7.545979796383027,,,,,7.688039584941322,7.525027336978286,,,,,,,,,,,5.876217452515539,,,,6.904238846700434,,,,,4.026542698350561,,,6.541638027483505,6.589962882394666,3.807807734501016,,,,7.618496778632479,6.044504062526212,7.601732825431109,4.158921692508941,,,,,4.157412581181868,4.181829551430894,,,,,,,4.551314885907332,4.091042542294954
49,3031,alpha,11.874887465084432,10.031375960644873,9.994213051128888,10.039931602418152,9.764676733397565,9.862239522044332,10.103131689527869,11.775777523028372,11.617185479980945,11.584439897223534,11.54397223968625,9.97434547503591,11.757130381681558,11.635557506644648,11.522536060038757,11.544056361659376,11.679328013792004,11.490011249074836,11.211659915294652,10.291634144300785,11.58590363384612,11.450116349364086,11.26988990110923,12.068945489435997,11.44524899039956,12.071952294981031,11.903279496738351,12.28538080900021,10.812961765953704,9.86492341174695,12.011597401181184,12.1285970261304,12.509498269885556,12.315827476493364,9.344723842885896,11.861100004669652,12.007139247336122,12.226712566894468,12.317424159223252,9.545185497291774,11.96242006131755,12.045049169029443,12.143673485879363,12.168782795704336,12.255417811719228,12.007712094189053,12.00138445448159,12.059971334376211,12.180575679995918,12.011432686821276,11.9792661760846,12.008261529128262,12.098308847203493,11.199186200952212,11.131204653597973,10.94978042434044,10.939041967802362,11.115908199094273,11.026930610940498,11.82755749888919,11.193855014328634,11.160530386065153,11.936461997403145,11.0319943770429,11.942095077178555,11.990331969746286,11.108004359740873,11.982251845511753,11.895134264229586,11.956124190194592,11.079250902024777,11.16582386283924,12.002587504954258,11.999723321469697,11.07946070883217,11.37856259501037,11.238410454568085,11.122932179104154,11.8952513881283,9.697992933912955,12.035393678892952,11.117377234167636,11.133904713920757,12.05578516155611,11.986560668262584,11.04741018459924,11.702740604790916,12.05332707388484,12.054565324005754,12.010819391778364,10.986777018880955,10.249573366511813,11.085919825958538,12.071881642415516,12.308423581090205,11.099359589493512,10.281700572497574,10.258215091186257,11.08050667191877,9.92262606162654,10.682669479564584,10.088713642280734,10.101288864930645,11.585491278120218,9.436135460816802,8.481729803824201,9.983615066460516,9.776184135467568,9.739706009749051,9.676372767911106,9.30093580990709,9.460656908182228,12.215333921015764,12.156705197568712,11.279515153334485,12.150792219950135,9.585556283234098,9.89859364989357,12.413372608364858,12.364261592004013,12.029160770890783,11.938112387375654,10.043334209896074,10.029847935632302,12.142385589368708,12.141618810325136,12.071903445025374,12.224570928829552
50,3031,theta,6.345513880448486,,,,,,6.838873032181889,6.957055735700694,6.9605221729462174,,6.834845481830506,6.995499819835606,7.499627419776305,6.765414430754467,6.71583021345634,6.817060483586952,6.719228960964809,6.9856804377979245,7.0953653034891415,,6.577537528939769,6.180644402385199,,5.782867897980334,5.894895593034559,5.67366033852824,5.939280182300614,,,,7.368804799063458,5.798360684679459,5.801553536899477,,6.08474702604746,7.469612515168627,,6.049138094519525,5.951821826913786,6.141714372533969,,,7.498379914523778,6.106280734680191,,,,6.380502576608006,6.1505058303974565,,,,,,6.315349511079122,,,7.66750860729017,,7.683454139642897,,,,,,7.793450156765662,,,,,,,,,,,,,,,,,,,,6.235466707464144,3.350687781555531,,7.71645679646422,,6.291931326614173,,6.516327661257448,,,6.325204299823779,7.016782046824724,,6.309604517533895,6.863107620221731,6.83967496085396,,,6.000355844269327,,6.904586123746818,6.897544396913088,,,,,7.204311324603622,7.247236941833078,7.708290505192811,,,,,7.304408114899926,7.613112683661564,7.224122480822615,,,,6.342538337337076,7.583032806157745,6.098398673777853,6.062989811546956
51,3032,alpha,9.921811882533223,9.94918038108709,9.87093168312752,9.910171030425966,9.951928313325396,9.962474355475116,9.88360550858019,10.119494128279086,10.000008897263903,9.98928338552614,10.041833626310872,10.064442529582523,10.021010721641844,10.0541201867922,10.112386878274272,10.046753967891824,10.136391870978056,10.09218994965412,10.100701472375004,10.025088495847667,10.216733462910494,10.227251637790207,10.105941784260846,9.995306686298605,10.116249476137575,10.047875785982912,9.984238629909774,9.885725074189295,9.797672700917271,9.91919073135401,9.579737889316942,9.945801650102302,9.969448290168184,9.726308717970255,9.859840296340598,9.81730610021677,9.852793175231689,9.717944159255875,9.340574980385387,9.656989751796484,9.745978247478966,9.82234312472874,9.661934073423913,9.639780778016272,9.356788656937065,9.519225680299304,9.703409131232869,9.679205157604676,9.623673391115618,9.58108470963701,9.824106853756128,9.90721182972048,9.908169386718932,9.791195940693587,9.554852005697963,9.813727505119846,9.701891814234608,9.85698103959485,10.029280430948967,10.047335735025218,10.020163581849651,10.141906561472611,9.800104739936833,9.953793941398771,10.18819970048862,10.2388886165077,10.185179754967905,9.93332239503346,10.171179075676518,10.479381701916472,10.350651625232029,10.327633366394034,9.923417468905312,10.403467993753829,10.49252523402439,10.397854444342938,10.288494301533962,10.026897612090757,9.807640298646657,9.48917572575573,9.931902993804592,10.439887181959422,10.3044489431535,10.29705667415202,10.084416776871464,9.84283604742502,9.625920096944032,9.940321306603918,10.37532835441406,10.423951211895249,10.056673690057384,9.851964643707028,9.714874141557216,9.923582951713552,10.174488099039865,10.100896286791116,9.80401993269726,9.699444331368408,9.809965252029006,9.815664235440565,9.69951012518243,9.44072727267921,9.544091155607711,9.536761255759028,9.498354524178458,9.684509852297982,9.699548713847152,9.524365448755187,9.443419849125734,9.505486162130168,9.668836706287829,9.853759655981053,9.66306967283697,9.709394934104274,9.660495425837754,9.630185519642582,9.695588897505996,9.774365922813622,9.648636395767353,9.71739746333408,9.77832827109543,9.862197796079256,9.823189653600943,9.813024311171349,9.732500629517526,9.692793198038997,9.72316742598701,9.741137008246088
52,3032,theta,,,,,,,,,,,,,,,,,,,,,,,5.186872030286332,,5.856180775734861,5.4927371435912935,5.268367955964706,,,,,5.504045690949618,5.441402312958348,,,,,5.359507029763698,5.409452469137807,,,,5.097187831281955,5.333407617524691,5.464489483833909,,,,4.9155808534908205,5.3011304982832,,,,,5.722632008949783,,5.472779680107342,5.1554844324677855,,4.716385637881185,4.900397592848793,4.977288569274752,,5.117401109082268,5.033134092867734,4.855233435202479,4.85638274247551,,,,4.877729785612655,4.831982147105892,,,,4.740743723001646,4.982591137234118,5.091818634391453,5.459735258279436,5.814654257869671,,,,5.2494489401711295,5.076417331385876,5.291485534551704,,,,,5.022502270187221,5.210403940370648,,7.788031247552605,,,5.260442544843092,,,,,,5.646527418331359,,7.714699889598314,,3.85446395087904,,,,5.111948450210798,5.301925575722874,,,,,,,,4.368518983371752,,,,,,,5.034138952610414,5.284574367042748
53,3033,alpha,12.719535401314054,12.868053717989238,12.627859276641535,12.790955486917866,12.624535125513392,12.817739368713038,12.685902986104509,13.04530700856262,12.787075971410792,13.131746593445586,13.122715486242818,12.892762180490037,12.873190203696188,12.75802260511874,12.68231297525231,13.09612390967856,12.582991967584062,12.79576835041928,12.426569705481016,12.482485362396975,12.488953528155324,12.388134339453169,12.1596669925396,12.135058367689515,11.410708195692006,11.2199431737538,12.04362544863917,12.472195531341892,12.58069632258954,12.592847796667389,12.42592855515211,11.08106684096238,11.33449649912564,12.352652618114636,12.380899222407557,12.467802934156596,12.501922735602747,10.958144438634596,12.194906298250348,12.356021904071604,12.373440413166795,12.590216722653553,11.08673468769544,11.137904236648042,12.339966202839175,12.402913631889,12.65364803941095,10.971711077468402,11.715462361660776,12.59050776154978,12.731279721807232,12.686368241276677,12.617734383034248,12.629485382480572,12.380938078839664,13.392427128387183,12.62360891384371,12.739171836249035,12.756691156405545,12.638119259789558,12.651743652201423,12.50690976097261,12.61808269036156,12.593226371300933,13.203809827167987,13.175586466732067,12.396832964789176,12.62785297393255,12.62084629466433,12.33442636879268,12.38590412063916,12.666184357800631,12.468826224685367,12.564536368449083,12.450069013933518,12.531554957831188,12.893966717492807,12.523205237683326,12.3326482859976,12.259099520721469,12.997116574137618,12.369524573300769,12.982624618304094,12.650856375871337,12.559349886983044,12.446001112619191,12.577587078129,12.720159400553989,12.679797303188492,12.601074132491371,12.999303251008714,12.528811502057197,12.531657662132458,12.71939101754405,13.245376603384226,12.796376427016728,12.655777878746296,12.525226377132494,12.844320410334475,12.74022566852717,12.67442189697052,12.520003513849778,12.614241901198875,12.726094488468432,12.63443107213742,12.332145190195767,12.65904871607274,12.723737575861763,12.63423429769096,12.80758353481091,12.849188497227464,12.458248643468885,11.708783820761663,12.124390472326468,12.637687642227531,12.775488259311212,12.731380837138156,12.5479106499038,12.192809012031308,11.785011523239822,11.581545693779484,12.56953734592427,12.639262780541006,12.80567069767881,11.503613630032763,12.691607586489637,10.957388354847764,11.204436311535895
54,3033,theta,,,,,5.463105850223738,5.473283584303869,,,,,,,4.354930640215887,,,,,,,,,,,,,,,,,,3.961685577746983,,,,,,,,,,,,,,,,,,,,,,,,4.026997853740491,,,,,,,,,,,,,,,,,,,,,,,,,6.212664547742446,,,,,,,,,,,,,,,,,,,,,,,,5.764836230634652,,5.336744020444975,,,,,4.856127431006565,5.3705283412272005,,,,,,4.723700824051349,,,,,,,,,,
55,3036,alpha,11.424908069581171,10.987246960384416,10.848877715613206,10.32346276518616,10.256518885681018,,10.795330824685834,10.953793744961986,11.467972658926303,,11.056734898699,11.355034793723382,,11.216782050563364,11.18552572526483,11.4337445119547,11.428718100571,11.241892686697543,11.146703801709767,11.41681695214371,11.363140659307495,11.3001324935377,,11.118794827079691,11.442663731917376,11.228547909047856,10.911915688691906,11.059430135597824,11.503669777985309,11.30167276164601,11.188102816998676,,,10.780205473253364,,10.996940616904864,10.803099582624617,,,,,9.554375646335115,8.500000013980856,,,,9.256579808414653,,,,,10.21775537037638,10.0186878846959,11.099420092854247,,,,10.013328567106,10.150578724204149,10.693443693931233,10.06920623379744,11.043393729955431,13.2839124974322,10.901425691017618,10.70056839285012,10.753859475596377,10.783110915848496,12.539526985717709,11.995024488374302,11.047764207360125,10.908967249465222,11.0631831230964,12.708655689847092,11.851395803771476,11.196480950117666,11.088615952570589,11.168178714068665,10.108235693529386,9.844144463972606,10.166435812676273,12.328196610542202,11.40862834709179,11.224580139760109,11.200389278057653,11.110091849649914,10.672697877103312,9.956661779867432,12.379505656798177,11.389140522473886,11.337082581623024,11.220391290845487,11.276376343812744,11.15221851570088,12.481515086320872,11.332317280512694,11.385697614040122,11.514047469474368,11.987604735057316,12.491496503052682,11.924035926535293,11.795160747313174,12.585201634075885,11.378337166989498,11.269933736316933,,10.547409366758188,12.201375594648454,,,11.340307829034703,11.035445889288832,10.959382102505936,12.326238074664426,,,,11.34722198769029,10.919406696863303,12.902794928479356,,,,11.246667175850654,10.91190362386438,9.806208438629149,,12.785623072461464,
56,3036,theta,,,,5.7361278663051065,5.650681110639433,4.954015528079574,5.865172917231365,,,,7.353589987481512,,3.5759591068675274,,,7.04542714360635,,6.944253178838992,6.893913213587431,7.411730310658456,7.014412481078122,,6.683348390906823,7.462279371472694,,,,,,,3.68402423318376,,,7.109849035021385,,,,,,,3.858101582090783,,6.495877933764719,6.42697995494412,5.452034599221135,,4.750473916530641,6.405228112318244,6.451852282455973,,4.959171219896337,4.63108585824158,,,3.643979465474382,6.19247432565113,,,3.305975564960296,,,,,,,,,,7.200790282092248,,,,,4.688764534261563,,,,,,,,,,,,,,,,,,,,,,,,,4.805394226183378,3.814159188629626,3.598855325508807,,,6.476191422649747,6.2660985201974,,,,6.073729325959998,6.295490700261514,,,5.096739200694874,,4.8430304496116126,,,,,,,,,,,7.047690586475339,6.223669391116377,6.4420920761739495
57,3038,alpha,,11.97536044083279,12.343826765038411,12.14956873102029,10.791519242049151,,,12.219205370782602,12.03657258091223,11.878229616785944,8.748509823680509,11.28956722893916,,12.16324376071913,11.989663598327498,12.159374676917974,12.154249561404368,,,,12.167926298433034,12.03954289618709,,,12.001103769561007,11.971984110286783,12.1756852706763,,,11.244296619207706,,12.345073948356047,12.437181572653438,,12.056161497217085,,,12.521710096793775,12.087987824589538,11.891264961100903,,,12.263312383752766,12.196953020540644,,,11.69101737859164,,12.225328792841308,,,12.387656677609376,12.476306019167728,12.231500171850673,12.07094400525712,11.958707480936411,,11.711271770556882,11.967126338054236,12.191630463241204,12.12410658771278,12.208203264913616,10.425205391955544,11.667313455164988,12.172354574767663,12.25955654289196,12.27577780634623,12.164578851737032,12.125167337727625,12.07804162333473,12.254525961743582,12.218225389407165,12.475054944646336,12.156003434600086,,12.229922507732724,12.035277766524043,12.133914888863568,12.13753720335722,11.87385524142688,12.456685270055392,12.301495667049927,11.704451235185186,12.205192646897222,12.118566868322928,12.075563421151992,12.02644781674226,,12.567070502444423,11.97271169707722,12.055054658651004,12.022199138186924,11.969336266692826,12.27255443256801,11.39254311257019,12.001714904648678,11.98991743884449,11.874507976506022,12.088662050631294,11.567828277525363,11.82397908846354,11.52937966877524,,12.164823832067912,12.386716469104066,12.274601670498525,11.68747670179194,11.63793796677882,,12.436283442367944,12.39675437788871,,,,12.21630467508541,12.332569672583396,12.44866915532994,11.826143407618,,,,12.216948665891902,12.170842953815429,12.135920544673905,,,,12.155022527500776
58,3038,theta,6.206441289074184,4.033160983897748,,,,7.388175517038494,6.300929461830462,5.521980341337559,,,,7.084639913532146,6.7525217802843525,,,6.9561271284826445,,6.91625477838818,,7.028521875692583,,,,,,4.452034737942462,,,,6.159707768753689,,,,,,4.728293292152795,,,,,,,,,3.750517876523544,,,,,,,,,,,,,,,,,,3.970418268291138,,,,,,,,,,,,,,,,,6.4836266651349606,,,,,,,,,,,,,,,,,,,,,,,,,6.9654074329001805,6.878361366361549,6.006721142632935,,,,,3.724930637326133,7.358607078304098,6.279013741541945,,,,7.42344487862756,6.322271080404136,6.303549708308721,6.1615220304471965,,,,6.305943599946,6.271990324264335,5.951194062562453,5.787426734507462
59,3039,alpha,10.584082622508705,10.664226985451592,9.539428280135532,9.785618640526272,9.46652533341036,9.357135642883868,9.644165253903946,10.799647853191969,10.067335070726433,9.884385541500375,10.02878548376035,9.910074779873174,10.021942819444698,11.033539755482572,10.194723562384253,9.686690270344886,10.985568947829774,10.593301923164864,10.314891490165293,10.342841370388816,11.065562547155489,11.848632078189878,10.38523829171113,10.049996179439404,11.713377701952869,10.613942706544636,10.104495623528218,8.703666009251153,10.02599269446916,9.954527769907612,10.109926656504184,10.193771350718071,11.216426059878236,8.905494823895191,8.69409534133095,8.801160002222986,10.248961248584328,10.110016845973512,9.965850488482678,9.725327515899842,8.821896620049635,9.054835299687912,9.90788167054123,10.232552178999466,9.973076785474028,10.186734639139123,10.337425421971654,9.973107739161096,9.839371259195042,10.3090646423955,9.3189316674336,10.436705640899532,10.451712564456075,10.392522682747568,10.128926638642335,10.116877740505748,10.200772332786178,10.61131781776687,9.505630502246904,10.541998536014637,10.497152997221022,11.972888375797227,10.13470348664905,10.623118168004082,10.7845684064809,12.1425191400276,12.27741023899371,10.263913576964503,10.608688485740483,11.010494727765016,11.109103129922085,11.178070915730684,10.260958483328231,10.624799581242444,10.96327719867436,11.03361685448153,11.100670643840113,11.813860221199588,10.3605921291991,9.818734065675038,10.26312655735031,10.61470058195415,11.098673149065842,11.142235236631588,10.63833545655554,10.341995435870102,10.524515698745,10.13209433501875,10.76520381217927,11.073654225654447,10.743160134758982,10.340689717942936,9.935432986208031,10.028245665614904,10.32958437806133,11.320670701608606,10.475586365356929,10.186503126430996,9.60929550210686,9.5728281860827,10.492363965705602,10.250176174370036,9.979778239024558,9.55742621523034,10.546769086120271,10.43453779242386,8.705288477247427,9.105446414117788,8.993294344040901,9.611219817957132,9.546817064646524,9.371517411988243,9.048169688686192,10.18904874123947,9.023736983151618,8.833841639756518,9.7056929822947,9.45695455839028,9.794745448873284,10.062811830189606,10.265127419684154,10.385197361727936,10.1996948541127,10.185602910573568,10.186387658819674,9.70093444223618,9.845404751017243,9.942531470100096
60,3039,theta,,,6.475383423456303,6.108856593850075,,,6.5337879562983385,,,6.377279206356723,,,,,,6.634180996126925,,6.88268186252774,,,,,,,,,,,,,7.164842729143013,,6.465316774594828,,,,,,6.483806985011198,,,,,,6.581427402586338,,,6.526822657362167,6.487266993042418,,,,,7.189643102980585,6.926706470655142,6.86287575776874,6.857056826577489,,,,,,6.565724662865021,,,,,6.395855831005279,,7.450732794711459,,,6.6772269280921845,7.17340905399471,,,,,,6.523008268425315,6.810153376392978,6.789865013911418,,,7.00195038107784,6.499651757883848,6.540265091654083,6.655024704879924,,,,,,7.040299066515373,,,,,,,,,,6.881880615574428,6.372881475302447,,7.051425553564626,,,,,,,,,,,,,,,,,6.291725590033113,,7.198058778369314,6.5734808193764165,
