,PID,band,EEG1,EEG2,EEG3,EEG4,EEG5,EEG6,EEG7,EEG8,EEG9,EEG10,EEG11,EEG12,EEG13,EEG14,EEG15,EEG16,EEG17,EEG18,EEG19,EEG20,EEG21,EEG22,EEG23,EEG24,EEG25,EEG26,EEG27,EEG28,EEG29,EEG30,EEG31,EEG32,EEG33,EEG34,EEG35,EEG36,EEG37,EEG38,EEG39,EEG40,EEG41,EEG42,EEG43,EEG44,EEG45,EEG46,EEG47,EEG48,EEG49,EEG50,EEG51,EEG52,EEG53,EEG54,EEG55,EEG56,EEG57,EEG58,EEG59,EEG60,EEG61,EEG62,EEG63,EEG64,EEG65,EEG66,EEG67,EEG68,EEG69,EEG70,EEG71,EEG72,EEG73,EEG74,EEG75,EEG76,EEG77,EEG78,EEG79,EEG80,EEG81,EEG82,EEG83,EEG84,EEG85,EEG86,EEG87,EEG88,EEG89,EEG90,EEG91,EEG92,EEG93,EEG94,EEG95,EEG96,EEG97,EEG98,EEG99,EEG100,EEG101,EEG102,EEG103,EEG104,EEG105,EEG106,EEG107,EEG108,EEG109,EEG110,EEG111,EEG112,EEG113,EEG114,EEG115,EEG116,EEG117,EEG118,EEG119,EEG120,EEG121,EEG122,EEG123,EEG124,EEG125,EEG126,EEG127,EEG128
0,1104,alpha,,,,,10.119518102346092,,10.306958849727254,9.68804453117705,9.322569439361253,8.507246651916386,9.893483662232054,10.329233956709013,10.032394794617876,9.664964933200457,9.937519404595736,9.849896825628294,9.423427554505093,10.07663939869992,8.32527707805562,8.475878412789598,9.533379906900151,,10.050618556834094,8.999187903070098,9.53978062711009,9.436422228592535,8.400411463830142,9.330020559527645,10.217395953389453,10.184833926236106,10.07907988391972,9.515813042609905,9.56785919788576,9.212747189304311,9.8050198234335,10.093422330301005,10.241033737520503,9.55496545984744,9.551726573462878,9.791797861554814,10.162722450496576,10.184566241912025,10.486257638295005,9.828759217599831,,8.532918758274318,10.223453924257944,9.756794009364912,9.804397434896597,9.522489276424388,10.075764835804888,10.041903941950354,9.901648403570324,9.895497844602827,9.627908795084364,9.701722125647578,,8.732726145368654,9.355175877759056,9.387391549964605,8.85911876432728,8.963969476452155,8.247059534623967,9.599039152674518,9.604957718819357,9.254152625670372,9.127837096079952,9.350042999619127,9.455388978965363,9.140114618567477,9.173898515929064,9.239236214532037,9.328355461915445,9.305967632952852,9.092932791616263,9.09066130419805,9.206333516030424,9.40038315179891,10.003791429329532,10.368982813809003,9.357510700886415,9.29368982989342,9.24319801980238,9.273543628552549,9.31923817221652,8.984278499817297,10.23891770943544,9.40123062124755,9.326634610365794,9.265210190585783,9.149106780406148,9.25362406957914,9.5077310962244,8.93486469488129,8.971483729772137,9.300598000188549,8.69512484167382,9.94122192615486,8.988109593571245,9.05797096778818,8.659812811688383,8.727763134312733,9.606617670239723,9.87977759317772,10.105774125539268,10.14165364417078,9.811183649626956,8.345359662925384,8.981895847186562,9.77751696270241,9.85941562643464,9.817057057144911,,,,8.598181126151598,9.120027470214993,9.82958974077714,8.23918362872839,,,9.854201901152772,8.493577803869538,,,9.716138671386249,9.611998693643308,9.73138167393668
1,1104,theta,6.266505020158197,4.2327451411306924,6.704991012560666,6.383708243968147,6.043647620316748,4.489029636263178,6.911197679524665,5.8725188398065455,,5.952931110342731,6.756863816529294,4.543995359910689,6.670726342938453,5.629516347066109,6.081160770802257,5.712879162756031,5.998547933494211,6.656083480008066,4.523224033179214,6.449262341576002,5.367157242917721,4.430040248579896,4.495314770262654,6.399461166411472,6.231803904958691,5.485155190514272,4.630836472318872,4.241558918079868,6.221236740351085,6.254636792426427,6.661235478116598,5.930524756596234,5.7766693109102745,6.022094665599696,5.339360201379725,5.800313154780905,6.466856438123638,6.025078474043265,5.7295936367022575,5.688465317309073,,,5.326188616907172,5.979071340798962,5.77326200703822,5.79317738540943,5.476929136052071,6.126291580552371,6.012628205379675,5.175846844249136,5.749292867640137,,5.700432065736886,7.017618740698129,6.811060855515598,6.170048786018946,6.148697989961502,4.726094806442118,6.149566922577906,5.893241711845479,,,6.345248137612922,4.639730482141453,4.513664281137422,5.195474346627874,,4.385818841170596,4.335117871966282,4.899407432765248,,5.169125211033165,4.607103535879764,4.4638477589083045,4.792449155969493,,6.011816464545578,6.397662598218893,6.699010291304746,6.551543629448876,4.452003642123752,4.475806862324393,4.470793714525869,4.661589032778655,4.894441719447873,4.455752663063594,6.984441767057614,4.0392798728414165,4.150476725552004,4.557696843435342,4.664677949749239,6.389297857735398,6.295406333623926,4.148998826438068,4.363622117888701,4.635553354183717,5.392423052406045,6.537422194011876,7.442377914080649,7.1436719436917855,7.236101710949089,,6.811098979572092,6.684637900620351,6.656004126595481,6.815348219896136,6.5533436823096745,6.600766779762037,7.210613143040279,4.192936826669361,4.498619507341399,6.121753070694926,6.7140152932094015,,6.4505825750151615,7.474668341714635,6.355622324749672,6.36355603570247,,,,6.419540762917252,6.725909160672746,6.699960827901656,,6.109874698653982,6.260228979745888,5.861676658155523
2,1108,alpha,10.508498380544296,,8.710772675394356,9.76299507030836,10.049873983748355,9.652390178000864,9.624646319586647,,,10.232403662394528,10.220842056498492,9.385797089804868,10.064701474043298,,10.423202418531844,10.103730355219971,,10.044354913627528,8.97950798381978,9.65872161371406,,10.43359722588485,9.68633488345411,9.696252717831433,10.5257496310078,10.339393159659112,8.362638853209395,9.703358351113458,10.02976387360048,10.11570089601359,10.012268291233475,10.440113570922868,10.186159821422477,9.624290412381855,10.27905055275321,10.52569038571643,10.41090701676258,10.4918923109022,10.305862026776678,10.032592875257462,10.523056347013677,10.517888832009916,10.4551107149536,10.35710929001145,10.44854361401409,10.45194914858903,10.519446264425726,10.425291373149657,10.327351408273229,10.534800468819885,10.492930189949591,10.47962320432066,10.390873096196582,10.052646956441723,9.804918292076223,10.370313507697825,10.540038116044636,10.372602026101806,11.911557691403038,10.027397150841596,9.791213488737752,9.77816505408538,10.509798863584342,10.337583366220429,10.263501557008771,10.104967522367415,9.505705344786058,10.741138841176957,10.71283876756161,10.002519289410824,9.803790231710124,9.877941129516898,10.336520465996996,10.199026800508577,9.564930343949504,9.805128986346078,10.034043520966602,10.043713618187624,10.12956982519712,9.934363746312288,10.124290427664674,10.00611432689403,9.94750510480494,10.17752504781469,10.28447010593674,10.234355813628463,10.24129248369398,10.250999343349,10.379655321718277,10.342603354453312,10.317974486500452,10.287448015122775,10.287873644000513,10.309466669156128,10.708041495716294,10.442026320142242,10.283151433749648,10.1980212906095,10.453424474772357,10.63810189689973,10.39112479013544,10.2537683354707,10.33069618557966,10.252501776062823,9.90744658755123,9.4169874262357,10.3679521683555,12.04243132230734,10.386076591392808,10.083485666516856,10.014422369687932,9.997756085310984,8.56175757478756,10.256852489374468,9.938245522531236,10.253010842082515,10.067702325765271,9.95532969355672,10.18270107602796,10.35062795308542,10.594370289754096,10.349972417992715,9.99087693557442,9.766540719433587,10.50727375536663,10.453690323618137,10.49397377108052,10.433376683953565
3,1108,theta,6.564968237124705,6.6223675723919975,6.565458730291516,6.161771675904647,6.125092822390102,5.198362405943868,7.47616556459115,6.70968550712391,6.596151763863115,6.4603724918090855,6.746533071892952,4.955841297549098,5.203517839986903,6.7109187191661,6.648841167482839,6.198188796437596,6.878822485511088,6.7542177767042775,5.848081261592694,4.955595375953214,6.70638700067273,6.719641699922114,7.014919580571948,5.272924739903058,6.816554174923348,6.8118100691518135,6.797979349049687,5.267152012461014,6.063515137227836,,6.922563323097436,6.877521823402082,6.872071158186036,6.420158438617962,,6.132985499861263,7.123494498869866,6.874984237777397,6.875221316002875,5.80004982728934,6.351588207367337,6.716038091401167,6.957971958868964,6.905341751555908,,,6.556282810694946,6.95433026441649,7.045569056091138,,,6.793658266260632,,6.895047396146774,7.344332217314162,,,,,,6.874361337653831,6.397621343850296,3.781238822547201,,,,6.125304910551587,4.008696981936287,,,,5.69877728370904,4.608491507803439,4.907946937857751,5.632829679798623,,,,,7.597400683566406,5.06492087746948,5.241011185323785,,,,,,5.169062732764231,4.961959547027178,,,,,,4.842737580167506,5.261340540450987,,6.265212875853619,4.848433925248668,5.026144675320849,5.066255025888228,5.136817171370394,5.441110940116941,6.312881082497687,7.332378949551957,7.609639434110172,5.0398013920518725,5.1028980123382,5.169053139912173,5.403062767671896,4.921859877761835,5.007064228987196,6.7556551194995,6.009919762856331,5.3197856834710375,5.462241482188845,5.1414830142183,6.008784400490975,6.763168408918851,6.693799976298372,6.368979758357282,6.17844315126499,6.350366140686202,6.563822028537764,6.657366235861985,6.762427887105809,6.901901481279722,6.887399196715981
4,1605,alpha,9.68931200361231,11.34182451193571,11.327095292494752,11.03238936453962,10.823497874292208,10.78172013688675,10.622026513590848,10.923314059494048,11.22161009788642,10.934668519273805,12.238193306232764,11.151199211513068,10.734220300534208,10.673692478196417,9.903758042603794,11.119802172153816,10.29103936399384,11.048913768538728,11.099219605895332,10.923910870370817,9.882671455512655,10.438484071374596,10.108161154353873,10.844739446500942,10.076173798914212,10.356272663550104,10.416161834299542,10.775701653232254,10.602763365541865,10.488427224283884,10.92596239038094,10.390006718550916,11.11566575975506,11.49266304636084,10.832837627897444,10.461401838184193,10.785191983405484,11.61285637447047,11.756135646461622,11.367637259508864,10.89193583133344,10.313882028402023,10.471492845508935,11.832104442559952,10.70683056336556,11.183664909937564,10.844141532528678,11.279033628910536,11.17367518475753,10.59418681183474,10.892916058121113,10.838385245699998,10.946513658291549,10.324964335007708,10.798023515332048,11.05376025070111,10.55176329021977,10.936391649981296,11.013183300031988,10.886939643730486,10.5530169924795,10.917296929668064,10.1401416188662,10.924644571947209,10.732256185453206,10.88202413510481,10.281677868278376,10.416600664470508,10.862077363422642,10.419697960880232,10.71525685028221,10.706491057263696,10.68791096878352,10.912436313415917,10.42655528537293,10.872265622463756,10.818154292098166,10.341971683790636,9.741409562117468,10.271617111885238,10.579078897317238,10.753706396100018,10.429233966961318,10.43346662409402,10.111147531277751,9.631302150513228,9.691653130838707,10.649645980069884,10.697375379897576,10.478489320944218,10.467618363018495,9.805550704806352,11.25452778954608,10.605654733653536,10.670496554673973,10.48241588036336,10.32017151796429,10.83866137185503,10.249924920433696,10.322851644950736,10.483904518041191,11.275734779402358,11.022027729852825,10.447133508107584,10.730462959174924,10.406118091621147,9.901694064698436,10.308461649481153,10.727877128363245,10.379321490954204,10.172365130014876,10.089885462567434,10.163231939370451,9.625622746441476,10.709071782477611,10.372012716795938,10.999467023413354,10.863398669135265,9.66870443027831,9.806618325623733,10.00243311981899,10.949568414892235,11.457312781111373,10.165289272838493,9.779029072223308,9.609243456928654,11.349801329253564,11.568982685146196
5,1605,theta,7.655683610039705,7.502712583680636,7.353622227860714,7.0375239634420295,7.005286832359751,6.962773266603463,7.1971060470171855,7.265833163168741,7.05697512176634,6.994280146733261,7.029519920278192,6.89096823575751,6.973573633579304,7.285444891891602,7.145199010190379,7.090221128713472,7.43637644242298,7.090077551045459,7.117675590372683,7.122648099104712,7.410514102655536,7.274686137932933,7.212278718900741,7.129329718538283,7.49627631204732,7.327394651078264,7.301562384970676,7.357818706285912,6.156841725786472,5.787006692442188,,7.172890024846659,7.291386900861523,7.223032839578426,7.3852057342952655,6.2412476879554655,4.419745951226631,7.094761762688797,7.429261390381734,,3.867637860755612,4.116216500755345,,3.451957658471449,,,3.898391219267555,,,3.4138468518690006,3.6935810817738113,3.9958126908562006,4.1853027523921575,4.054609988714025,3.889964980419863,,,,,7.404208483232512,,,,7.711263666301969,,,,,5.039996047630344,5.313635938070404,,,7.603313367077954,6.867349069308631,6.6406171421519735,,,,3.7720724251005016,3.9693869801657007,7.132695204045746,6.721709714365155,6.811980998959318,,,4.001698674874116,4.289593382425018,6.998576780350858,6.704417283954203,,,3.6635712360372215,4.056378316450783,6.975069258553167,,6.633129826482935,,3.801848240811407,,5.985559482054415,,4.142760827802526,4.034615031365291,3.980675457345692,4.092330388054212,6.925559218752039,,,,,6.390426303127388,6.879172273340324,,,5.976908376767299,7.782264695738528,6.356280715449109,6.811117221411755,7.240809353413094,7.125031873164431,,7.288195775814459,7.587947210743789,7.496955029981344,6.913073755881392,6.840597047547834,7.192452282917599,
6,1606,alpha,9.494251986405567,9.344700667922572,8.618379683620907,9.673135672099033,10.028157935702648,9.897938120839171,9.79164484602036,9.535988994252,8.829664186692208,9.445488785975767,9.86776743231724,9.843299392785855,9.855492422849398,9.117991442809863,9.50375027176642,9.61693636147156,9.169949955669574,9.715636267873307,9.792386669575668,9.168160980935944,9.240821028590108,9.219823995405871,9.5213665334131,9.708129845934955,9.452307127983447,9.605606629155782,9.548747009603892,9.534184438181848,9.172758144434994,8.927832141985597,8.523618066421546,9.510381870968324,9.527438463962843,8.885828612803847,9.245941611264875,8.935617779475258,8.750893629837076,9.464623605468834,8.965762803232158,9.370757864175008,8.842041451689418,8.821741359057567,9.365108122935254,9.31662757921478,9.15750802889494,8.997307392833747,8.949725641702008,9.265091682149809,9.241273820522109,9.244189238709671,8.567883304673046,9.189825612098108,8.961334628747988,8.67867600416193,8.6563124741928,9.0467351744132,,8.793802538146641,9.305122253534371,9.158308380559957,9.055208419066236,9.229396714519032,8.206309054360487,8.625330387282116,9.71194601608778,9.08260657641082,9.418913890562862,9.768698453926298,9.647487217763624,9.623954244776202,9.602914499078278,9.433067669022943,9.796963952962969,9.781338531397552,9.601393394831376,9.424706680534044,9.161288210405475,9.015225956016376,8.839076404822,10.048480228471051,9.807965163442272,9.50784312493171,9.5238332749125,9.662811419781566,9.784710719903378,8.904702105298588,9.30097158745372,9.485689650827748,9.485783109094504,9.562569388975868,9.542683918589551,8.90980475209088,9.927916475372507,9.49487074149863,9.48511861283159,9.39550331604008,9.167642802223828,8.868454039579898,9.11325366386344,9.024554213955737,9.10304038943003,8.50361358834813,9.967573713720965,10.125623977296607,10.1754153407337,10.088528371807447,8.756558807741637,8.908466024876672,9.482523015524434,9.986581775978731,10.049379145099191,10.105842798040367,9.332381497914144,8.919655160682806,8.592419103851029,9.690307622754046,9.1163611587767,9.812615815040097,9.367682100472155,8.897586771031307,9.025650182003451,9.49532908729996,9.323657007493477,9.54009571040127,8.96633594072161,8.801532535882066,9.422416551710045,9.506093835320932
7,1606,theta,6.06154528760824,6.201499893342205,6.157623063209907,6.102435878552706,6.260691068202057,6.354762615313845,6.259131245740449,6.189234470252114,6.2539310559744745,6.1071022686103325,6.237369016396681,6.202497599791753,6.145716142025302,6.63593614292246,6.156812919550902,6.289437694461397,6.498931136020075,6.142750588405006,6.053243573387629,,7.09353325380561,6.289300779559993,6.33403852540261,5.839785521913386,5.88524941316987,5.88954139689883,5.7797685481757775,5.593080820031849,,6.207098323566711,5.854592495664493,6.036097141268092,6.2153785994368125,5.809647395444544,5.817884856527098,5.247933559045899,6.728142957994235,6.132457670882278,6.197239809218412,5.777111485743888,6.862786917991862,6.914678027811589,6.242485776121489,6.248004687130967,6.40012065623677,6.929415598459382,6.90815807404026,6.262542800791689,6.372861316903632,6.490677102681795,6.350207504431992,6.692955151599735,6.968893551114596,5.189235435783829,6.821234835791845,6.342676603748607,6.6501422278619104,6.739210383512449,6.114258058750273,7.682149262965213,7.321979572203163,6.686563923946163,6.289967633447283,6.531749699719703,6.911056385597428,6.543809455685917,6.861569743933553,6.203282371900147,6.273292441988416,6.126773025088168,5.937652976554652,,6.00208974862534,5.653119137897792,5.576128760968786,5.629365238593459,5.511714854979125,5.575314398332736,,6.61789923295736,5.587689862878162,6.102219349891663,5.571301079990373,5.947715867899546,6.224805340912478,,7.266639404527018,5.590459035885709,5.641198090696734,5.678904908167462,6.073880348533256,6.187378464142114,7.465995314082679,5.8474808867609145,5.80349859457364,6.001794278569211,6.114480810571646,,6.649642299635416,6.709494738591118,6.7409030208668295,7.177469357355111,7.158259890512976,6.931326803477377,6.602642235393192,6.477558075239773,6.8318170151136846,7.180157891147259,7.171197823780779,6.382499523886406,6.442062601963936,6.4274834277464485,6.698605266338094,6.317673109928871,5.747458593346962,6.382590324325921,,5.960396934760779,6.353738157252321,6.297292880204764,6.432272861152795,6.836120646317932,6.157537292201212,6.029743529218747,6.343067389197263,6.201233389607888,6.143139788164398,6.233056988807288
8,1607,alpha,10.005997571641094,9.914587988252938,9.744321982044385,9.795611409636328,10.157605668599894,10.12996042346106,10.080432205511723,9.880202158049698,9.008271642683248,9.632481966405969,10.486372684510076,10.330559137656635,10.21333396981252,9.39964427752585,8.968108478076863,8.807520708784118,9.340293184849644,9.76681267653303,10.085099219977565,9.10783444248196,8.863576298258309,9.090240432695287,9.895766445392953,10.00478430564872,9.114961279386826,9.64931874160933,9.861961637975911,9.90512887164146,10.36317534411454,10.374715776476254,10.172780736894852,9.372182404970152,9.52860838513216,9.797393436100114,9.976194761416323,10.313599537275714,10.360226913539076,9.064709657447647,9.59664691482654,9.86853925773851,10.203484169493573,10.317752967148946,9.58843030505133,9.662951005143972,10.141810291575782,9.797193982819651,10.165064669867018,9.714639282147152,9.784746661254824,10.09871250334524,10.192722197637565,10.255598833830025,10.34164268960508,10.171035333763786,10.017213587780091,10.075364784146588,10.100296125733443,10.264522571543427,10.294816110749736,10.117943720207212,10.034568268561614,9.85539898469316,10.136847444776295,10.201636779250528,10.248182513139165,10.106304137224576,9.871362546163914,10.18879648264956,10.27276595145296,10.224410694306265,9.775278316282208,9.775332130857803,10.26150737279771,10.627326292555829,9.781110449838778,9.81608771405585,9.785839121639366,10.005677616254502,10.015311832867058,10.059055153159346,10.251929469774431,10.32950781212372,9.924816439715494,9.761790993885484,9.885209576992182,10.058394221500686,10.12492842824064,10.337273499351936,10.545139378286253,9.789584630766962,9.82393704124518,9.964263569246594,10.190043862783211,10.402430961918146,10.176834188278622,10.08429657937746,9.820464768594006,9.92606427045212,10.2186100751417,10.083528904061309,10.237719730955114,10.005009564461426,10.253123583589003,10.303246796101908,10.200950504623227,10.049115044352623,10.12076149090495,,9.862668781891012,10.288399591079044,10.290141957104746,10.160316428523432,9.907479904319356,9.825966753037122,,10.202372103580018,10.178359315863087,10.077602256735386,10.175732712759826,9.986940911071796,9.776865435359223,9.90353125466172,10.039615730493816,10.015432519203571,10.159951446715512,9.976176131028728,9.55063629614576,9.830703052649191
9,1607,theta,6.295458747088778,6.521233074893304,7.624718925355223,7.01817870639821,7.324932064830683,6.957706369250645,3.537380943232662,6.619758961883141,7.043306424305742,7.0644102081288445,7.051453992368673,6.3865279251602205,,,7.27839374714744,7.126918615688444,6.879112235187272,6.103803922231135,,7.452203966164639,7.253663552331235,3.751203844515248,,,,4.138772940804541,3.874456355156058,7.408852509127926,7.530790070035231,6.688994216384187,,6.560289441324676,6.547888414859271,4.34080670782446,4.4044436370553,4.580157434850009,,6.748565161533488,4.332148848607732,4.537044727699498,4.873443192600488,6.201746515878862,6.567248053142426,,,7.521221687858762,5.436035363609346,6.78419025550385,7.054663970886361,3.4237833686820345,,,,,,7.377309872644727,3.409853221317805,,3.730660766727067,,,,7.389083883288756,,,4.211402363047943,,,,4.432688386873312,5.030462898315819,,,,5.252685525323679,5.16912798042135,6.950212138382656,,3.75606175813096,,,3.6414463022135246,5.03392694745926,4.999258435934613,4.909527052477003,,,,4.799508400467545,4.748059772753882,4.672947158520015,,,,4.747399615736766,4.694495802420561,4.9345142752117965,,,5.167180757700406,3.90406919827189,7.623556811104966,4.616286702336758,7.200131321108247,,3.518563695278117,6.503196090134201,4.96910636144315,,4.846103065695687,6.788363521497637,7.287576872176281,6.860344554805997,5.956402468488611,4.55258771075214,4.866861021074057,6.492153249803488,6.994495168706711,6.478109618735477,6.387720074924961,5.929450337482548,5.551185131819072,,,6.479418308953837,6.844169165237653,6.820431179039859,7.112227364223949
10,1608,alpha,9.18538616563202,9.40078604527834,9.420106595269049,9.606902822271756,9.60848941013805,9.642386563350302,9.77845893788308,9.70815258158601,9.6317697564037,9.632620815915663,9.648605536922323,9.755949039189316,9.675591904571595,9.840214009609374,9.8069814493664,9.73943383274019,9.711265747755778,9.771905331873045,9.77689071949595,9.76654231381085,9.887181806504875,9.713075300699108,9.674179300245816,9.80460476445666,9.809649070661612,9.822452092765714,9.743105100785108,9.701637898596443,10.254406737820895,9.895335492963628,9.856520591129412,9.88857389688195,9.753224114806214,9.601906811713077,9.66758922342443,9.548229029676811,9.729201501148674,9.535156690833118,9.483372340959006,9.315874351716245,9.421251631772629,9.846417566150118,9.881054268754378,9.768469288525568,9.381903964310176,9.377660672730425,9.183282071393524,9.974157361384709,10.075339659573508,9.136528084057634,9.065887420129004,9.248512203033826,9.213150307504842,9.482727404171316,9.03616514873661,9.88798982742572,9.413934523587642,8.990951499922966,9.109501497162292,9.309843375680058,9.34226792845806,9.700269126162684,9.716720597936565,9.073479798990718,9.150504353376837,9.403094831395563,9.535427728609088,9.553684545867858,9.410586014424512,9.33953347023897,9.500277663804086,9.668678210408949,9.63306559258574,9.517911173273353,9.52219538550954,9.632399584199677,9.738236154416583,9.56405239662764,9.42348592657867,9.23195031517735,9.723427943606064,9.7841520582797,9.490500525284808,9.56950094242828,9.63975303358721,9.628127740563848,9.684728797490752,9.772052389542734,9.539509830301224,9.559118238814492,9.458710919241588,9.523608092914412,9.604659898617411,9.94326348172613,9.470547487701518,9.4052566418679,9.425472148647136,9.688362800706468,9.711629967427251,9.663614154666318,9.333677022235348,9.28798592090284,9.606935333089892,9.753304864419428,9.740951276486417,9.60393324432424,9.616734659544065,9.574704068749796,9.566810207114408,9.587984799570062,9.692691703418152,9.699930696376724,8.94661029734093,8.370360721412993,9.332227154530196,,9.471351863406234,9.623289630837496,9.369817644289224,9.23873415419017,8.94797692793634,9.141494757698045,9.428345651653068,9.58267859746138,9.659895054019428,9.88002191163362,9.959128518118936,9.850079099405798
11,1608,theta,3.5350642624679542,5.084642622297979,3.384913552499741,7.0161552983477335,6.772979144097504,6.78999695969991,7.514526118396106,3.243957422261644,,,,,5.584365609830317,,,,4.948709508037842,,,5.342614327683547,,,,5.134936973805345,,,,,4.728618926449352,,5.254979829451446,6.150801323013544,,,5.582272676696172,5.658057186536556,5.574423685433729,6.273374722696829,6.196348484244023,7.371192374962393,5.753157534758079,5.570736342021543,4.063840270935162,4.153333981535647,6.413674017055336,6.262837907128331,6.968346139642695,3.967462038611167,4.0014290567335165,6.7421632646405705,7.096682699540783,5.274296439252713,6.19471686056519,5.716852787656396,5.866590354979281,3.735479924622381,,7.079559307492597,7.124655766179504,6.290810539996082,3.638843211135754,,,,7.544035033821236,7.336451186186963,3.2191910544179563,,,7.758292211902866,7.43588791776118,3.241888110242764,,,,,,3.8702634275923855,4.121476024989264,6.922919320460112,,,,,4.108057308734876,3.922603779848621,4.127779515376355,,,,4.575215005589342,4.132552982073653,4.049738421080349,,,,4.630448353937825,,,,,,,,5.838630959585914,6.860168867731495,4.89112454705067,5.065416774330687,,,6.21403461239467,4.811274751005113,6.548599019146044,6.447578607394276,5.405001176164735,,4.736947209318959,4.1666705166693445,6.468435169098349,3.644510056713029,6.633292071296305,3.306603441334798,3.2720449204094666,4.83797326603984,5.0592740403278045,,3.617569687082053,4.016535228839503
12,1609,alpha,10.026192355943609,10.510757020479128,10.066004498533989,10.18696742429581,10.475621745518795,10.58378134037125,10.127520016723356,10.362288698257972,10.019275929568996,9.857819234318946,10.56110614812733,10.440183170973308,10.681795762921036,10.718458164370269,10.628545284076136,10.546316389805554,10.614944317039797,10.420241057803086,10.60528770668948,10.41241625492649,10.355950278924835,10.362525694993964,10.50677908175324,10.392180339858792,9.904769029360605,10.545437884777456,10.534547227170057,10.548618677631993,10.717999179342904,10.81769442079038,10.209244567286508,10.243897313378763,10.405100190386513,10.563462201205208,10.692887123749331,10.975049373856534,10.263571460857102,10.235897354564548,10.73881439357872,10.623626583313635,10.95254731390157,11.31070502718051,10.118732203505871,9.8317819746078,10.602038350418532,11.047623768951755,11.403945704936046,9.764429145232208,9.64649160076405,10.78759244538877,11.126530514094462,11.589351388406769,11.225470399241887,10.3170372471249,10.205206535050587,10.346082787450683,10.684690064129088,11.055321260408435,11.06479758007588,10.79473002893834,10.466079076573926,10.107418721477115,10.56705928913296,10.959495096278973,10.995404746243894,10.325555725388313,9.848755146601,10.811166576812658,10.963977450184997,10.811157882114609,9.545598292398216,9.363180705262682,10.773084290273632,10.76647562715097,9.813991445270856,8.983958019593619,9.737373356323388,9.372663134597484,9.794584569562575,10.443162315759595,10.671006352835589,10.35867324386416,10.658988409610142,9.778986485865028,9.519831924529289,10.494909893721609,10.494323240204876,10.648860557031645,10.768033544392257,10.993929751659715,10.770775528721703,10.36874317952997,10.638682941739988,10.786571205653626,10.879811608773528,11.049868223543836,10.939144903949588,10.313643951609771,10.492128758639277,9.970232738913472,10.786760186061976,10.164131874466662,10.697461924278846,10.659191445952668,10.368621042034038,10.022269180556272,10.12190040783826,10.199479546000036,10.16098874761461,10.583245641780158,10.89857820735027,10.663288118625836,9.75928950413925,9.886063182486865,10.088231506675648,10.301597167874377,10.724986861889278,10.549754919393406,9.937983690784854,10.040291399981363,10.033855878482829,10.157194429059384,10.54502415598522,10.305769853319978,9.983543836304031,9.578907900977914,9.509689260352111,10.174015583696749
13,1609,theta,4.443211790901408,4.188812042596161,,5.884151455169399,5.713448745617974,6.051517662087212,4.853060278141835,4.49602241431016,,,7.772448198435724,7.723451766747956,5.510363013886481,4.624720590547877,7.363960658269207,5.233189488499911,4.626321253818279,5.066576941583708,4.97385862172268,4.877471877571711,4.647463082783455,,4.792655712157954,4.732038677332198,5.07104693926494,4.568558614046178,4.464013952201193,4.484123141965974,4.752171932220633,7.553347289374498,4.368880459491092,4.505896656303957,4.328578271723446,4.3573208106339045,4.319828038463022,5.400354228384842,5.151864700084719,4.323615697630892,4.25251891620573,4.34407071183536,6.026549475498138,5.649869100356141,4.2791973386604765,,4.884340911593188,5.255213463293866,5.554029874151871,5.953970985194865,4.355904565350014,4.922230450285498,5.124820418354566,5.3524593284517445,5.3881114877066745,4.299890762486306,4.892423126121975,4.944055021488205,4.424099100802983,4.829507518260437,5.041987049086511,5.238504218850203,4.8510728441235695,,4.368482200731457,4.810358901930444,4.655407396760633,4.853639306249834,4.298653259859116,4.669959348063759,4.250728480436197,4.407582896142186,,,4.412388064332922,4.15674073095663,4.059608910747492,4.060300667019822,,4.614516893030518,4.257857626353467,4.191573625787566,4.247073507512579,4.41391184617157,4.236687011802534,,,4.813791688282017,5.041466927775389,4.32920047596799,4.268394136490924,4.5099106270502,5.00092492706671,4.972629488542512,4.916805733328067,4.673132098037031,5.022741614860723,5.082702861351991,5.129031359490608,4.835276248851888,5.15828204153374,5.230248157752583,5.184697170184732,4.983765950390536,4.891214024523178,5.068096063590565,4.215437508116188,5.020694044924194,,5.039207942345627,4.624887616910035,4.353503046544369,4.973603939285984,5.270425524464877,4.583069798679028,,,4.330440747872056,4.02407368423498,4.851056805518213,4.396134193477535,4.363971994109608,4.397982479850751,,4.157891167306855,3.763227384987564,7.477960724199856,4.446543302558888,4.520948822092668,4.452031768301697
14,1612,alpha,8.995702845496725,9.011686046180118,8.752903668529758,8.369944066495455,8.26907112979084,8.658447555156783,8.429148083293185,9.020982354426527,8.591446746468746,8.442336900719551,,,8.95943602762666,9.15077018076819,,,8.932996993534527,,8.292045859509242,8.40310417589941,8.563059333783627,8.30671528125884,,,,8.42236485333516,,,9.65983605012251,9.835850839022257,8.709830952600182,9.269652604645826,9.265014912873331,8.487192783559557,9.63545417329703,9.441640885419812,9.366413177919494,,8.379659176680644,,9.390470127669,9.385531698301078,8.846203550898082,8.79577667818441,8.552104990974836,8.861677995063129,9.221561429084115,8.737919470321307,8.706234573542249,8.68836663085163,9.278861925343987,9.36949739714374,9.313404592326442,9.10547695505261,8.698279651558606,8.936654883158436,8.845688411192874,9.158000304165784,9.113363145851135,9.450394094169454,9.454829885802644,9.431914944315617,9.11969326287728,8.963610913093046,8.948512293987836,9.413152612061122,9.584620419175478,9.162599168421464,8.846806828243418,9.23934217665306,9.391505571038405,10.320101141901096,9.258353048375945,9.449305080304724,9.30191910615238,9.918082001683016,9.740423110191715,9.855853135063995,9.072934697583992,8.855119499273533,9.327050974762615,9.30925293413691,9.25698977200791,10.25914118924508,10.54742820645129,9.447989193464224,9.070492447058047,9.324529636649594,9.68126741806309,9.19415541915326,10.748057840304254,10.239580060333122,9.285948716871555,9.123249968155177,9.616444715339885,9.58018552434094,9.069404484509164,9.750530642200465,9.183481421459616,8.986092080945776,10.170719428478504,8.831920657392123,9.281184279671956,9.200886370864035,9.154407713061008,8.788062989893938,9.064092956317053,9.448987507623489,9.10222810913041,9.182636839680626,9.112864792996415,8.879612935530297,9.08107403909797,8.825210883918569,,8.604741723698837,9.107037706702302,8.866537367593278,9.049395671873729,9.12845454467698,9.031616424068956,,8.380375313878925,8.702786439758766,9.009503567399666,9.006003988295532,8.84401390177878,9.046626623528224
15,1612,theta,,6.135419795689123,5.918382429199779,6.183316427395989,6.602225394392296,7.539560069801612,7.230340983512231,6.470137062975809,6.141226434524702,6.423783255147224,6.920348461411839,7.452976916404792,7.543430566564895,6.625832818644804,6.77068696961878,6.975456173304344,6.803533012487931,6.794124870357822,6.750795319287571,4.498801906602943,6.873971211395658,6.625880394103213,6.120956446428036,6.586768421351601,5.124498795565656,6.283643298826696,6.261563736187712,4.594762634831148,4.941988865255528,7.361201022628637,7.148610894077884,5.801329404783287,5.764308779968208,5.947627160787596,6.304284528010283,7.166602055906439,,6.144010814218444,6.04065387010009,6.053892552533837,,4.095504902429434,5.723466265861132,5.805882648304302,,4.050477664459789,7.306410501722956,7.402559121816307,7.423107676371245,7.338285320303002,7.501467900278568,7.549238064694505,,,6.076410732905025,7.544862861322285,,3.689476461929452,7.223911682863042,4.724980701954011,,5.371013318273259,,3.703215460680132,7.04513796327359,4.67351867769552,4.859568101838934,,3.9075468828171886,4.160437501956494,4.635619182306049,5.234681125710433,7.304491782871276,3.976536549534376,4.820155422016351,5.33653454372468,5.667167210550981,5.637465055509011,,,7.35792508284663,7.452379952371789,5.315778552379034,5.591890133074533,5.6392532703200615,,,7.75560808477909,6.2898708175720985,5.996988473816238,5.942786371102423,,,6.50043598057632,6.268737431739232,6.018027245154519,6.018928171236012,,7.5673381379436915,,6.128185461795548,,7.363139663611096,,,5.317883449342446,7.337513169127164,7.455523252550889,7.444267861064679,,,4.999540103359547,7.455820715358485,7.283744476110666,7.117455062039328,7.142910157180164,,,,7.423826796586518,4.313463431008129,7.089018135546136,5.252153236555018,6.078169849478558,,7.638705614103808,6.998873655370926,5.89357085738635
16,1615,alpha,10.578838311096524,9.770508109579902,9.655307433892036,9.79660475861238,9.947714287897448,10.166395408034678,10.298711196395956,10.01254125785975,8.634963096804496,9.57773590582414,8.519179831729742,9.900625569943298,10.194488903981632,9.348719582347044,9.241097687796602,9.87477879635419,9.804047674257069,9.706254861756651,9.50436256671626,9.975653555125533,9.868938369395387,9.831008053985553,10.093632424019903,9.623064359544731,9.76125140069272,10.028393416793016,9.89234392553152,10.241659852325215,10.31873994739945,9.89533618759242,10.143409849568943,9.762206263138005,10.09178428041676,10.131270422220895,10.26556562355461,10.162781403165326,10.045372852996712,9.82167595246442,10.473784583562276,10.084471789471024,10.101175615764303,10.18436302677305,9.666043680427505,9.955251643741038,10.393962341362798,10.24819409405381,10.265010301109813,9.585956439172032,9.307986979341322,10.592966941219276,10.489751498904376,10.25243571361242,10.166438357846893,9.76828554518268,9.95956518917364,10.052985643840314,10.501202563823728,10.544891023444634,10.434288169846637,10.474595262473397,10.103835370067593,9.968446358793996,10.009008521850689,10.42209582358119,10.448742409252478,10.500410613131187,10.351777897049685,10.07118467303258,10.294562082905925,10.335714693829493,10.403767479964554,10.21968985980178,10.05203724388334,10.19009368329401,10.187800270361988,10.05424484161396,9.800547412288804,9.902959900864888,9.225849097000433,10.240328531206954,10.043203332024008,10.182176307901818,9.908611929146934,9.997513600541351,9.437156669024416,10.074067432410136,10.30370963191627,9.934487036481649,10.194332893678778,10.01350836652556,10.517534821310306,9.821278350211834,9.954401582715784,9.847548860474696,10.453124978299533,10.121790900286673,9.92815338628737,9.783295119112198,9.67081047052202,10.173839764063723,11.72765842682267,10.053513481933171,9.941390318663773,10.05607348021661,10.439454884698057,10.302897191220774,9.651097477854954,10.218168717345208,9.82983592568472,9.989303476677012,10.044226352389025,10.111980778556015,9.908452095046698,10.626034232353827,10.450342845488692,10.117274289856825,9.832630816071264,9.462864901019062,9.674834065573275,10.846435266005672,10.996461625425232,10.28387074045945,9.864045814704037,9.872014869279806,10.466403756739124,9.736026304329346,9.24181139061019,9.71927058823074
17,1615,theta,4.619237486576858,4.257254445439835,3.985910175617674,7.477884971479882,6.473604468196611,4.248121192429773,5.58784116505229,6.226439856066713,,6.45243192115998,6.230722977658426,4.112320747751752,4.335285202502633,5.719753613774118,5.616471505347175,6.166856899516858,6.733464042577437,5.836202369866655,4.052148562119181,3.863292951792108,5.777257942420994,,,3.8711334417186314,4.200488489322213,4.196116211265682,3.870680603587657,3.894350124568125,6.980904532585717,7.31249214934452,5.341693247252707,4.606167125730846,4.833877602174255,4.565559307099766,6.966690798317276,7.180185128571247,5.744904812194711,4.755203120578491,4.811007885513207,4.5945808847864,5.433286627512167,5.576809413012464,4.951789454975608,4.845176678802874,4.727042912686853,4.746994773307734,4.516875232067913,5.340950465052988,5.365464362181033,4.619629435278903,4.795468146157963,4.66579199551024,5.002539552851217,5.043223882655466,6.230070854893102,4.928546803901662,4.424005988283491,4.53624100012811,4.557455891974653,4.570351335560552,6.115206388687721,6.070404429047836,4.8859122994835325,4.498975700306829,4.316983115720677,,4.176852132123022,4.759244179546709,4.11487011526004,4.111910445032887,3.975820359429792,4.164602961792846,4.725268624218978,4.306537965401526,4.240270009506303,4.373658445143248,5.998695621806647,6.153765757941094,5.64745555530509,5.802197408498063,4.843158736489527,,4.232020417965136,4.580780483007999,5.930911891210666,5.864176817665637,5.652647405162336,5.064734377973479,4.54813918118854,4.566583025968162,5.016642220843954,5.681970461667554,5.692805158049943,5.309554417915639,4.736466424280536,4.775493195637589,5.302163146846613,5.3493584554115445,5.806885996963574,5.213276481407914,5.153112337272077,5.019038862759949,5.08953894541434,5.238616888715661,5.295383132163476,4.654418929009288,6.07268876756951,5.001050221036088,4.705902203598033,4.596397680898598,4.51854546341035,4.503813820884592,6.110269384948583,4.2180144880741945,4.800056892204921,4.252198767815766,4.153879991897632,4.436091023743971,6.138712356989912,4.2494223646638565,4.264268211828768,4.083696517436655,4.229452512106611,4.560069014760541,5.972917502017463,6.125847409971407,6.766901828492991,4.901000863716766
18,1619,alpha,,,,9.118808576824035,9.290881867218548,8.236812375580083,9.64220496777662,,,9.154589417359013,9.31114410128817,,9.3726462978198,,,9.247969546425333,8.577195182346792,,,9.048311817736282,,,,,8.34567601710512,,,8.496933011562374,9.00988194987753,9.194955168835556,8.95434824663396,8.356516272358023,8.3803410198973,,8.616133676746598,8.666321860086542,8.934180275088025,8.421659062145952,,,8.338789676202873,8.533253703606274,8.591736736983353,8.266498707270827,,,8.827310654732075,8.40813919977189,8.610307862530547,8.45091497539113,8.267329536974318,8.462108760252056,8.643912172895158,8.676583007761876,9.355315452316642,8.397569914298295,8.381330809536758,8.717085609178524,8.609165767598094,8.613813895929972,8.651001229494259,8.62606307507458,8.650076959173061,8.521219019191625,9.039839912333576,8.682554231022559,8.643876553352523,8.742063317315527,8.919506005994728,8.572907350605956,8.561332414354101,8.57605699517856,8.873559854773431,8.6383458767919,8.575409463204922,8.609746434635706,8.670239020479615,8.66186828775833,8.822576393775588,9.475198564058289,8.682569703339766,8.812246116673572,8.970799309269143,8.605850850120714,8.586642779492092,8.814035478861696,9.315357399351909,8.654586105195541,,8.873430037419178,,8.880964397165805,9.11026193717012,8.683681117229893,8.613467536433218,8.691035546482397,8.942398770044823,8.90281921307876,8.702197712613797,8.725357752570853,,8.85179539493051,9.33497450003899,9.255183213741626,9.496221614343012,9.509185631738273,8.642053107788135,8.309004583558583,8.812056766229613,9.052470135020268,9.225675128405417,9.317551471118598,8.463432487589927,8.217873686485028,,8.224640842457253,8.998319258535144,9.137819154366356,8.349946317202333,8.3638983282748,,8.234866723747825,,8.289135344333545,8.379922326169751,8.563583413503194,8.922831023618416,8.677075224665678
19,1619,theta,7.271662504547048,6.8216841402630095,6.838597690867127,6.78628678022018,6.970717710926061,7.49250814172058,7.430390349702327,7.060831631051894,6.485454831018272,6.5121322588369415,6.515281918755124,6.797628290716372,7.523665775748552,6.221933985741661,6.281073636351811,6.422560638694294,,7.296373013644474,6.995358932820103,7.535965350132276,,7.7953049572698365,7.567819680449331,7.500478993781838,7.536023386763327,7.474422160364144,4.811665218292323,7.622492775507226,5.136338785671918,7.618713106256397,7.54796540086319,7.507038013838676,7.367164802196509,,5.253869132499406,5.165081785905969,4.878914138460247,,7.288191663319379,5.260443607187203,5.567738359415012,5.992634472027356,7.384575364401805,,7.000381632620812,6.404772663302621,6.252734765003792,7.433339914591395,6.54796532360568,6.96785616474496,7.089276337865218,6.457442559235377,,,,7.179994250371489,7.022198674264949,6.906799629645038,7.789512009819745,,,,7.363989675446897,6.91831165013656,7.333950463070581,4.8701787239732495,,7.611598405126363,7.50224397168875,4.834565604602712,,,3.820270692973437,7.4745980448242095,,,,,,7.52365391401211,4.183085603867247,5.057910944812498,5.019390964526639,6.353587441694888,6.8895808055266095,,,4.261632580502038,5.032400007322669,5.038186250862958,7.36281088198744,,7.7495300825208355,,5.11177880836129,5.090432459078031,5.100461225421692,,,5.124317429866867,5.131722499542125,,7.424314737360316,7.7152198162666865,,7.4584502317281505,7.50564178282503,5.204934784009468,,7.572816939432564,7.768156147960985,7.793171653396199,7.564239513570184,6.498307193371157,6.1479967144664265,7.206332464273899,7.201786005038007,7.052125370359718,,5.498346671156535,7.493820474110371,6.722807885716581,6.761996107015423,6.90373466441347,6.91434065673182,7.547733139912166,,
20,1621,alpha,9.76751767812694,9.878030460454038,9.763251473291222,9.835526110102608,9.626102896110908,9.744257850428555,9.894319964874636,9.958950701322925,9.781599910588476,9.85912627153856,9.704934163652265,9.634008628545956,9.901093694216623,10.04048691217594,9.842931875904302,9.784906105654782,9.784581364844442,9.793652452931548,9.75044005278225,9.749292366099588,9.84574366278757,9.646019869490807,9.560273656352516,9.339612662954153,9.625658423025442,9.214148378999472,9.379196180350762,9.752044147730272,9.377344280231291,10.23780899722946,9.937215354548435,9.687085059494017,9.533859505449447,,9.847214420092294,10.357430079780483,10.21382736744256,9.663096935328127,,9.555668372442192,9.7554797246055,8.656238632179406,9.812446479368544,9.458846566872406,9.475510931659628,8.454859001996107,8.401379682150417,9.849193463534784,9.216542750472067,9.631994410340727,9.56129903246286,8.551899566299612,9.725241334449397,9.780241702811438,9.79907439335228,9.72225702854413,9.6077699430305,9.035743469736495,9.88414188321002,9.58480237282431,8.742053253584428,9.81164010993712,9.713932626176888,9.325262572493,9.89360082748992,9.930503312248504,9.718223753517554,9.781742111549036,9.955233795811225,10.11892912829992,9.903120865052529,9.705460727938757,9.95180798299771,9.750760452976618,9.647044456568027,9.76112404426652,9.619620245264509,8.922983256191605,8.291691431506177,9.779517611672135,9.806696991084724,9.734101285562003,9.857636739864502,9.589941775261936,9.307403077304013,8.544366556251605,9.702760493959907,9.922981255869594,9.751746823588205,9.342967261475282,9.323785749833169,8.688159664597123,9.383103631247636,9.681858052345673,9.336252880820568,9.170692296257464,9.272009965348282,9.254806980983304,8.797276598078389,8.668135262318897,8.650649063359248,8.953984128647372,9.445360690761882,9.894725217253107,9.885510212835989,9.7788658501292,10.06764225881705,,9.022766725012188,9.705275541065872,9.920802068805646,9.851692513095266,9.742738117067214,9.477827542094987,8.530808685123157,9.529768447536345,9.921449997546327,9.846994698090048,9.745172060628889,9.72787339186898,9.734371089330878,9.47658354948141,9.739702151603437,9.841192572245374,9.735965179914205,9.85946075962524,9.796107815078337,9.76293084063539
21,1621,theta,6.889111314366957,6.934421095756906,6.887834085444986,6.705092919604668,6.539954288113739,6.508637069210546,6.738383622136679,6.832685412403449,6.805041353649991,6.685082809928983,6.535934830735406,6.438362125543597,6.721939445219223,6.754495934881779,6.71651301465294,6.560135564773351,6.807937000310489,6.725721388501875,6.729141483049783,6.459407396625161,6.8766832008693575,6.885883650631369,6.965696916460163,7.213156205855519,4.296591887371432,4.445809836259859,6.876729505287966,6.830536387027599,7.130391232426377,6.855714521637069,6.846788537792436,,6.804431808442867,6.610238476383356,5.851260820417667,6.996502926824976,7.011007948034096,,6.700095657765291,5.701816216478813,6.025358073679357,7.144732178489228,6.861987314715163,4.1192897550023,5.894579734696121,5.631595157618725,6.5570622377775845,6.710685013694747,6.7212156485661865,5.732966247631079,7.272168251191781,7.034908933503731,6.894703824963936,7.080183909940044,6.944598461623687,6.755901519411701,6.617903678509467,6.935443388403918,6.980079605792572,6.978377053472736,6.904730767575976,6.811643830431064,6.577617053131982,6.911321655390101,6.897166661186203,6.8315760878216425,6.946805478464748,7.28241972309391,3.7694162285046993,,,,3.6169996964544127,,6.871923965805403,,,6.62753001795007,6.787932598760201,6.720121366001717,4.181026615091057,7.337902534149828,,,,6.683522770490859,6.749498868722236,,,6.571430754020938,6.551330052453233,6.557653149258008,4.0902437779349885,,,6.231516830152393,6.540004544140261,6.643801174769654,6.818339579650239,7.293069856705406,,4.402821613463277,4.253331381447413,4.182367002195808,6.485177926336526,6.607199041253418,7.143594987030669,7.04687708916698,4.175938312658408,4.394216390988791,4.202550294958512,6.520001640526221,6.9640479558511394,6.937781282390531,7.048898877910448,7.141492844767462,6.693577213383229,6.7138326136870345,6.923193770149578,6.824409939512623,6.879556437509862,7.019657524095967,6.983715883179926,6.886710991520267,6.8345385642420045,6.856902925240144,6.734094969869975,6.742570505704771
22,1623,alpha,9.627134380064849,,,,,9.55228487070329,9.13953272491395,9.055980554722009,,,,9.439773150093863,9.351150940668276,,,,9.604352798008236,,,,,,,,8.685339888599534,,,,,8.891084071628278,9.116093637298883,8.240954000300533,,8.354263004672502,8.718835700587835,9.029413310524015,8.929197866905177,,,,8.35983577332156,9.603457484339303,,,,,,,,8.904490434671633,9.101334352764772,10.40770627790167,8.680652892632494,8.709841253810103,8.641265162476607,8.942189582111553,8.82776456880115,9.889085576962763,10.425811730860874,10.37921706009191,9.001805789979942,9.31816619579021,8.855386846135284,9.954913528747731,10.250453686495185,9.846853904683638,9.558350180148212,9.092692223306445,9.61027072479714,9.938000299349149,9.875824851931188,9.703618810593465,9.028369378969211,9.196822639633076,9.523235114553378,9.698028865354278,9.377394663531764,9.011570236048838,8.631897182402719,9.153548664381466,9.021808208569112,9.678765651321784,9.942881660214242,9.541152795467104,9.17305651736399,8.48283426090032,8.468438874929548,9.870286829495754,10.074281125442454,10.291085846319726,10.28746589918716,8.68036774899889,8.488480577535732,9.027426125394134,10.082185860343094,9.64172000204812,9.931415987486377,8.515422934587672,9.380310692733993,9.275220752659722,9.71735060784215,8.64834683027046,,,,,9.09845337477599,,,,,,,,,,,,,,9.75777147161732,,,,8.434422453580918,8.355919547035736,,
23,1623,theta,7.341212353260198,7.197233067037831,6.096200799109658,6.234272643254651,6.100683800668037,5.833388657000152,6.025575022228042,7.516148080519103,4.070572678526517,6.0913928510218165,5.790646463148828,5.775908787357952,5.948679483235351,4.208812614246225,,5.934779382704771,3.856503923684214,6.323726232413594,6.040892456919567,5.991168845048203,3.947498643107322,,3.4908393093153247,6.546910776565708,,3.736801771442248,3.73390655584352,6.471756541843383,6.0017058769536105,6.04462990558168,6.204545199139512,,,4.523317115387359,,5.181694995008712,,,4.9040691995938905,,4.953471152491901,,3.28642480170356,,,,5.486743117258516,3.247867780583838,,5.6744625277382665,,,7.487894147558558,6.801830581914195,6.436371253395573,5.370221604827057,5.696813165931365,5.7313305456605566,6.230173975165835,,,6.447408097868308,5.5026224821155045,5.411415949727034,3.886715708691092,6.3260162877480015,5.547965400864034,5.458721819386901,4.069958148130499,4.05833987963884,5.715626403342924,,3.594465602641084,3.7106077819054097,3.825820613473201,3.975947673631772,,,6.24456315777289,6.171987523172763,,3.631774704039232,3.97499159723546,3.9812190198299264,,,,,4.064348527653252,4.311123245911616,6.451990651290558,7.6736010791504174,,3.929101520345696,5.265095162318456,5.624203756714668,5.734710164481463,,4.862911932373239,5.595934907622296,5.264932206342557,5.168245756819795,3.273308171388557,7.716997274655435,6.198848995870666,6.101537495498625,4.665977984627212,5.053851398618453,,4.992780175669793,6.345469015049225,6.037968039101157,,7.302041223460302,7.352397696070344,7.709915393689962,5.838024343055492,6.275154960462155,,7.366700752897582,7.374713111364113,7.393215969917004,6.562074191428309,5.995400232804996,7.285997373709652,7.608965951460241,,
24,1625,alpha,9.90221390123469,9.967451105833623,10.046786898534592,10.151165191283765,9.940263795387676,11.187063323687568,9.769321660389885,9.829964569299516,,,10.946641818929209,8.498220396430677,11.46613185679012,,,,,,,8.49998409720341,9.198967075644823,,,,9.02829975426705,8.940329271646542,,,9.543044446589407,9.70116271096474,9.569242537320187,,,10.173381804418936,9.933853269300224,,10.234871913841532,,10.41910160336121,10.446806605665708,9.764809673739345,9.77271914687795,,10.93312777234507,10.81674941457566,10.319084711529085,9.957758300434609,10.93036140402097,10.600867132336642,10.707897441244516,10.256705429223048,10.029764939669938,9.816184601916992,9.640267231814718,9.523541546171993,11.553764723008806,11.0579259336939,10.950285140573625,10.669982567878666,10.581425310780018,9.72532531321899,9.698871689612812,9.805356799247743,10.15549522943021,10.1791886577204,10.025384491151309,9.791505033381442,9.951743031354914,10.063603423472236,9.839483021062147,9.852455921289677,9.828010520596267,9.959277754094613,10.046533776758666,9.94419828308378,9.8287785633523,9.857995865601186,9.747706290906171,9.69503648322684,9.783496745072776,10.329808503184918,9.825943723849448,9.76312590057901,9.857232802427076,10.100270016090144,9.87295351175889,10.466955489836211,9.790520438661291,9.874029215518538,9.816548692014331,9.838771296105469,10.022939777765115,10.06904218074446,9.34271284136608,11.81698965296626,10.135819404770404,9.881497812944374,10.0739228819961,9.493714199990652,11.937273368873292,11.41171125099144,10.140743327619909,10.114765556659847,10.3792892743709,10.6732955731275,11.146910966512133,13.143382567682153,11.81071851253427,,10.466070255827267,10.484547252994222,11.308437632674414,,9.727274696910005,,10.126315365670433,10.46425249505077,10.856243162989506,9.892153023926848,9.695469551573826,11.283918062586883,10.218467480224552,10.296835606468507,10.225596244558991,9.539317550887557,9.56387396121835,10.983951821786588,10.726182188880571
25,1625,theta,4.972428467745673,4.658292453298439,4.5851101452329255,4.4731829592356815,4.343272339674748,4.1355129716611385,5.716690746358199,4.45798826563534,5.386289709579479,4.348764292890605,4.25950587909837,4.2122677611037,4.2234078388458975,4.200184218483746,4.256618080401816,4.255955755525032,5.298652795390391,4.250679472604524,4.208369257129911,4.155533099224648,4.400979264193748,4.273109964484197,4.220263862276224,4.163683240402111,4.121641843988551,4.215246152885465,4.201931740875693,4.196907144296867,5.180546435355661,5.7593735713846925,5.627727863666751,4.080632969301001,4.302677350445478,4.811268024720588,4.877019584364094,5.244933241961111,5.5737396048249455,4.117306332039192,4.920829432131618,4.919679084505731,5.0516880516173,4.91057794305499,4.018443196358721,5.015870570061389,4.98542083437142,4.988784417231941,4.795552559844159,5.781376977648276,5.755546241220332,4.988430457610932,4.926043985233605,4.782618757092558,4.85450784682095,6.157276142519693,5.503106331722474,5.299248318244676,5.107409003528405,4.954975910806122,5.117186298494469,5.1246654434443135,4.713039828259405,4.612605912624129,5.16689729379212,5.206460318213925,5.182856102250676,4.934760102692959,4.94172800682948,5.07065838764783,5.2439822811225145,4.896674051328186,4.718675849684221,4.418946830551328,4.123637202205234,4.415423109854824,4.170803002982297,4.374345612676372,4.409490370245721,4.749759145774972,5.067965465256641,5.37513915753509,4.275023603927824,4.249079342529224,4.024788577320184,4.097829075619794,4.441584767519052,4.899179667641197,5.257360709438439,4.060479665631739,4.217555703801864,3.9451067548601393,4.288879223855578,4.939588089540984,4.345052103000516,4.354170104550877,4.54307038739664,6.046058957212948,5.869740486835441,4.257293008964443,6.441515827242092,4.586041627962615,6.033507112560764,6.637638706429939,5.449097133558404,5.166858519842957,5.253958316953361,5.607620687739831,4.340073697295123,5.433384422740507,5.219035367995734,5.149266477835146,5.100157840369819,6.328178983194877,5.292071872427256,5.740749797585112,5.243885786524348,5.284363129705025,5.091538661188878,4.900995346418415,5.378837285897816,5.275790690597368,5.178484547604213,5.134424136270105,5.039980820343253,4.885324367255193,5.044039035927308,5.29658652648481,5.688342735522959,5.597759463756034
26,1627,alpha,9.317740238832576,9.239928379743736,9.514702162770384,9.600465877656507,9.79627127782238,9.880254619812783,9.910510182981898,9.563515815885346,9.132824261397989,9.602095792352417,9.67077690026662,9.7406149699882,9.787641425964678,9.458678120861506,9.687484743968726,9.657690509378453,9.772191664718504,9.64445138817205,9.57608637643595,9.600441738713098,9.3317886994301,9.573355730128467,9.462790846407918,9.439719516781162,9.52717172575295,9.32845837431388,9.288299029202776,9.319826112779964,9.638902764644964,9.830414093303617,9.975995920034045,9.296499085601328,9.18568040371174,9.208022717204654,8.952212821294998,9.556481641169665,9.87282395828946,9.617336993377922,9.38433164847474,9.218684823856698,9.303669886758929,9.541424637632897,9.567756137600243,9.34734273856407,,,9.395457319965136,8.962684301598058,9.245948876238794,9.063680535210104,9.37346377578048,9.579436104554317,9.690489257469846,9.940201551717136,10.000178660111535,9.281237382694115,9.158713148130984,9.531528126700568,9.575264610907816,9.453830631854975,9.261498256584236,9.769347667574154,9.5933315874669,9.613131713285645,9.640040988283442,9.237761985229962,9.46598722045244,9.547397089536432,9.656642814187256,9.654854415377216,9.42004904615667,9.427131077543022,9.698741320270804,9.611187158231072,9.559936714529464,9.498491998218832,9.273387102643143,9.842972453255198,9.9928222302994,10.059537682547887,9.823775395760183,9.50766246273768,9.40299630181638,9.473130659165816,9.291861011986368,9.901005059999417,10.009984141443525,9.642346427504537,9.546046925431648,9.49359806132538,9.45979208883449,9.746265544148509,9.591292915197194,9.53028285477344,9.63213183561247,9.390217039221737,9.31001771765496,9.47262530339514,9.527440005492696,9.603953498289773,9.650800438590592,9.420122112473448,9.36745253977362,9.82833675207793,9.949360458458711,9.956574656470996,9.275643083889449,9.381745853962014,9.178617773533045,9.595918507520295,9.78713296748554,9.874440744014004,9.142487596273943,9.399154984408415,8.513405320637274,9.284554411508648,9.593437920027103,9.727571942405476,9.10289437957537,8.991810510926616,8.789224604493361,9.18681385503468,9.417002697430757,9.594160444547889,9.405204979679624,9.066776522262106,9.056784640262876,9.566891684465368
27,1627,theta,6.648693713247939,5.411512691254441,5.864424865555422,5.800636668755474,5.9736110146215,6.037177202741394,6.310584199452222,4.412804367647665,6.138759252349426,5.681971839678441,5.926206570198779,5.958072890818536,5.974165316259642,6.547965400116852,5.866414104164381,5.846617091330256,6.9924619899929805,5.941505968298799,5.929610226016907,5.791157938262606,6.245679646431396,6.019803282755542,5.833445395250641,5.701009210746889,,4.737090333326257,5.5502815436051804,5.224012095699287,5.743370647456471,6.182522529027548,6.064103837303458,7.502535632746932,5.452034599136539,5.452034599144057,4.84529582659555,5.359830701745056,6.88410023607882,4.0679791700821015,4.058856737196397,5.452035283708442,3.5435206228473555,5.288825235677285,3.8039945136399744,3.943520765905316,3.92084107058634,3.9296390745010497,4.854872158536603,4.045175140362125,3.8114316804508697,4.003642762728771,5.215648897303784,5.139369024862848,5.741615559186642,5.834269394461201,5.964872300478397,3.661128986475991,7.546741628365587,5.454177004184758,5.889730115217974,4.826593818324282,6.711361955975823,4.419440325095748,6.018377196379573,5.854274202313754,5.445080921074571,5.701249287600875,4.766549675024128,5.774055656709473,5.69118841112347,5.907186732791878,4.915934642142815,4.7771481931208735,5.594598821704684,5.74837844592054,5.081788306167081,4.870204004118456,4.957236808194996,6.715766311639873,6.456747681870874,5.968634306197301,,4.91220188317556,,4.867656601310327,7.647564723599404,7.320680481497721,6.002300161443205,,6.06920288913421,6.4623320512257605,7.38787339787124,4.336349833299888,6.14554064876968,6.360670746064364,6.087847431619316,6.132212996855171,4.413445947810699,4.298955458949985,5.987721200351201,5.945171842818876,6.175278162247649,6.348114767812255,4.191184019239215,6.147071256751894,6.157996973042964,6.155318236769762,6.349790872697132,4.023622919390203,4.241375455708879,5.963465474982462,6.13241498456865,6.0743766713342175,6.602827461177257,6.900577649211697,6.577972801862683,4.300440051942038,5.471805813346435,5.96481591726919,6.691786730468756,6.626282883504207,6.803942032698949,4.167085619866113,5.597535088927976,5.6829272926105805,6.746573676790624,6.893262498673732,6.744683853946761,6.482153281069886
28,1629,alpha,8.773293408315604,9.055916334294798,8.794740685662026,8.873754638797429,8.608087657827383,8.621702299292277,8.689652468595915,9.010237430310209,9.023630592037652,8.742475984734691,8.664928920978584,8.765976845134064,8.998596949786192,8.98420755465454,8.741404069181234,8.63681637821531,8.854368575385152,8.795378629272536,8.930380298491055,9.18774138811744,8.847911480918425,8.798486433004268,8.730783517701276,9.17846644585282,8.549846186433596,8.68397715537772,9.09716666673469,9.384412199790251,9.362129066847208,9.205590589363402,8.69468069708641,8.540155621374877,8.917770841743396,9.275103302387366,9.34922345743694,9.22994900881925,8.836918802724114,8.723337244294367,8.672416358742872,9.268847684834505,9.072046178804625,8.87459439163329,8.640955242295135,8.68660141484971,9.02588657194394,9.09110442733036,8.949065455411846,8.677821730610123,8.698074686231433,8.761940208888912,8.89546508779857,8.64027927201092,8.70676600813746,8.651760450741875,8.666232251408687,8.916208032464278,8.807163582740344,8.811007999138608,8.744847502942056,8.679769525801726,8.638119127053157,8.683753445689298,9.11999304922728,8.798634948232085,8.77209306638806,8.65123099415084,8.685890212662569,8.911376115893159,8.759831749662158,8.721725270339519,8.657093682625232,8.699075194753517,8.722584922471606,8.68963029974104,8.784914883222003,8.765101036629087,8.767805231476032,8.76030763160922,8.762252732262834,8.763480720852035,8.88281609256008,8.73499993676693,8.708360260079916,8.917524490494067,8.77014691833511,8.804755598194346,8.733212219729776,8.7188283000191,8.697789969588031,8.66810236228287,8.685880498257244,8.741392209404443,8.794060064159853,8.821841463434932,8.763830248514685,8.568008703302059,8.80532556698829,8.8175351085125,8.470742205207586,8.39910671355554,8.38839509715877,8.723506547930194,8.930058871460444,8.938653611082856,8.859758303990784,8.710523261263562,8.27528107819053,9.03932926934495,9.100649284570547,8.992599131683194,8.971604987175864,8.773406860143606,8.625153290541968,8.606098851901656,9.466206575826272,9.324013597153067,9.05098961124734,8.935047484884318,8.902301234504051,8.80772487538784,8.673360756703197,9.072096230252454,9.122658157474746,9.038523657409668,8.963952241972349,8.839201256477507,8.517510490308716,8.600850114305251
29,1629,theta,,,,,5.926122862957292,,,,,,6.07376634912636,6.2938388688512,6.974705426321441,,,,,,,7.392943272086522,,,,7.376580853015722,6.930965318726375,,7.459919377951497,,,,,7.056017706608963,,,,,7.63312710710465,,4.286365784756215,,,,,,4.850044103320275,,7.547965399701452,,,,,,,,,,,,,,6.7746786835868,6.752113220205253,,,,6.744483405456363,6.84373389401782,,,,6.814993121591476,6.689836343504338,6.705588510346477,6.82619446405301,7.526960579435272,,,,,,,,,,,,,,,,,,,4.129306213696744,,,,,7.777868047730669,7.507327292015524,7.477192143883854,,,,,,7.601520833088168,7.425140374667718,7.302105513086587,,,,5.727213204396108,5.52960892117235,,,,,,5.629711632584077,,,,,,,7.031106587850223,7.137655331953106
30,1632,alpha,,,10.338111988166254,10.433683766889772,10.330433750884934,10.113470325855667,9.892909341688656,,,10.627592445485853,10.507287253111484,10.31420557586536,10.263180416161465,,11.787264895543478,10.544937845036385,,9.607001842298258,10.23364092229512,11.574786402465737,9.013611874791884,,,11.310273416928895,9.306375635540109,8.8203486939881,9.819791504569038,10.06658714673955,10.800207717329108,10.483429381239487,10.214985447319114,10.11425728841784,,10.067056982746871,10.511778090636152,10.62190232689386,10.292177471206973,9.828418486119746,9.766468259820922,9.992970488076072,9.861571121588698,10.145364424029024,10.065356652740226,9.63686683378767,,10.534089717730334,10.359919626417009,9.817148146104534,10.25929817041058,11.705281313632554,10.854437635344958,10.248759300888402,10.199020475656544,10.183811743467231,9.042084350701067,10.5729161286429,9.807818163783386,9.58067701223383,9.632465687338955,9.614911889365516,9.56728141552394,10.04880368083979,10.612154806576848,10.853523745489897,9.851956345516005,9.73521402992412,9.620220501146145,10.628371524334282,10.58317686722646,9.749013441965662,9.642998067481576,10.029086082935404,10.421765362211865,10.126637667896814,9.70078510572381,9.96386909564312,9.944063297183998,9.587034242936468,10.140585532973605,9.221789831847218,10.56561500271034,9.957807459571365,10.557710202317754,10.422300530441827,10.361603008860962,9.5882138019018,10.509596830326936,10.12392312783258,9.948402547337396,10.633459022140295,10.518437443753529,9.762594280435913,10.782760103081571,9.896610000875604,9.915588963986291,9.779323685893566,10.23616487686761,10.757853833682733,9.746519031554277,9.434048162878964,9.803775774495824,10.32617826245375,10.33519620889101,10.645697634887313,10.54098565107678,10.37571029163228,9.95594270688759,9.757007688239822,10.648148626176438,10.7333037552758,10.468662145660495,10.082443993762803,9.183130989985516,8.758669270071154,9.54796907205096,10.535287607657768,10.612123752419665,10.365504389958977,9.575195611346375,8.830565461195377,8.501940223172829,,13.460962617933353,10.386228162927871,8.489637738284907,9.782951650159792,9.867128121243573,9.89039091660731
31,1632,theta,7.1231122261108455,6.977165318536148,6.823248051224444,6.733347824866465,6.6508627607793,6.701309810317147,6.759026197802505,7.077865484723231,6.948467606910733,6.805879547126742,6.732571466916012,6.625123340744201,,6.999935510573099,6.901722508779474,6.796072019663734,6.979182777793739,6.988955838470576,,,6.931955609810431,6.837244097922613,,,4.919770729156077,6.309085268946783,4.924920980544574,4.737418114191682,,4.503620784340871,6.768001616036602,6.408540901375837,4.94499219102007,4.638017293636072,4.483023193054195,4.3951853678903685,,6.29835906797004,5.745731244624506,5.407218113131074,6.728249010542753,6.845227642601865,6.473089070804887,6.360712523117518,5.951333168157428,5.078770191894939,5.559213205459313,6.401694885834306,6.120195862689984,5.968221075475581,7.492422290281956,6.226505601052151,4.637376603877988,7.5028678624387934,6.542114362660381,5.872594572984696,5.939007003070732,3.420897855059805,,,6.547946807264563,,,5.866519548070899,,,,,,,,,,4.072924690366166,,,,6.079757069996417,6.171750525922987,6.372574042570858,,4.680748862583047,4.339172367840628,4.463351860265727,4.51145549456611,5.101821510913148,6.717366973418213,4.047639863512383,3.960855706867775,4.171098676493535,4.519003893293096,5.226227395179579,6.197307704401642,6.2901061967067164,4.216870206025655,4.601668243432132,6.592341404098333,6.374194048446128,5.72014552630992,6.739130999441191,7.426162715196808,6.669786825108124,6.322245099878594,6.420265795246807,6.769628217581502,6.719720001612505,6.720709132837742,7.151540101898834,6.676471423258795,,,6.721756544027737,7.065082248763764,3.897682480768897,6.93936096331108,7.070557453763296,6.802177620854407,6.697920090279317,6.598610063304155,7.133048979044159,7.195860628603606,7.305654936131603,6.854833878012208,6.7794928163692765,7.048852263970816,6.782155540455642,6.254552858257784,6.641662495268999
32,1634,alpha,8.763662823790451,8.464611948112985,8.704602526950316,8.945039132887436,8.61780095101566,8.69904501073583,9.145730382869663,8.67879049826073,,8.292781957813574,8.751856319333855,8.469198141931988,9.125225955965629,8.4988018332588,8.281266076149015,8.243508395054297,8.331476632533684,8.325724795118754,8.317754811824683,8.93537396156432,8.419649658251515,,8.349855978845323,8.802384167510057,8.607955210488718,8.543372654300258,8.808049885174599,9.09720304671718,9.21677562390658,9.108346304190986,9.00526167171311,8.495731770744097,8.710494123944285,9.2932872543518,9.57721856933539,9.465047171494488,9.195494959752727,8.575436744586897,8.824066114045856,9.516627574040116,9.48252647033898,9.336603687508935,8.496200849028185,8.599407901978797,9.105774356094702,9.194367918735333,9.087828266490613,8.695272790281683,8.49631500687137,9.145976447271778,9.087452909964956,8.817573594641608,8.826269505840239,8.896193014896104,8.916727474270663,8.973588009736053,9.04102110347078,8.96653050312842,8.62918441407491,8.651377077867831,8.876348967380231,8.51091306236985,9.11961608993325,8.698420125521503,8.784746758922923,9.049733713245518,8.97559229430347,9.032105274865993,8.97589729320056,8.97513019315925,9.0132571926127,8.798172560340676,9.04550177665434,8.967702068675159,8.748893942543814,8.679055234272074,8.426980428596357,8.614453432577342,8.76386693939229,9.137105562218135,8.965237114147005,9.054723662803088,8.795375968465402,8.438068596817217,8.593480327293753,9.0416877748038,9.187842584469214,9.040783031490076,9.15311862549662,8.958292180939074,8.611447396419482,8.945135885388101,9.184562294827492,9.171716557245638,9.0995784950327,8.973791545631777,9.097101891739154,9.054054776525932,9.272527318928036,9.103333897669424,8.8707008094755,8.95927899364868,9.092635843106835,9.371937392414631,9.35907444878199,8.764829980643675,9.100185239097147,9.064978569185014,8.974437796739936,9.342419975139894,9.29382620157504,8.88175786825959,,8.747801797129787,8.63555506865829,9.003591846610185,9.195970395700728,9.318374043332458,,,8.459545333644723,8.71688714532866,8.989479426167268,9.022884196186192,8.943712733545151,8.954793359837652,8.54325713599333,8.489870460706575
33,1634,theta,4.096826772491215,5.287688664027698,4.924945026681626,4.823571495513122,,,4.806095733510517,,5.066483729544042,4.937755667676209,4.785617062810811,4.860238074522631,4.962377769280915,,4.864706974018266,4.88019679104976,5.285173514519723,5.024415656331619,5.029821024435454,5.161308533541105,5.319223041915323,5.192423625933063,5.2490797833986695,5.269661581540197,,4.71454289636906,4.750208152509456,5.089795249559743,5.199715135698223,4.9111788829090175,4.665982954535664,,4.756703881247476,4.654299992859708,,4.842467129111111,4.705244692076586,7.749246408816149,4.683048052899168,4.622849076166939,4.5703424667456485,4.601639297782052,4.650955712294943,4.6921299171764455,7.256377830155929,4.6142998250630205,4.642800475679086,4.481510852738436,4.707091627227738,7.106391918583522,4.875563916367859,4.743508295826375,4.510331967680544,4.559971319633992,4.547852139798097,4.443579900852482,6.944855562223376,6.100057608411206,5.153485139274825,4.923512710301658,4.831244900016031,4.982676379125217,4.7578035585127765,6.5633784462878255,5.576672408176086,5.035123198616813,5.034234978477745,,4.638290846856663,5.1198915006788965,5.07717684513911,4.918742512915392,4.619812035705282,4.506244597255898,7.028132657784815,6.89121417573551,4.759233974954859,5.029435055326538,4.562085460874006,4.6269007571604925,4.565063268814367,4.644841728090213,4.1506077553128575,4.861463168620723,4.888590949342,5.089317662866718,4.7265805419277465,4.7796691131315,4.7980766923654485,4.416753639824964,5.004233583428876,5.217555047520213,5.125943193376598,4.26278101057797,4.788935115507785,5.048666091169085,5.387629937791638,5.140295324121728,4.274865589048639,4.912014051006174,5.398108083160087,7.700141566365775,5.060908034177927,7.566250616092609,4.700856257022669,,4.202648461878571,7.704938790398184,5.080283440456247,5.031594053689384,5.0927479220189,,4.196164639819907,4.736050066349524,5.322083840439395,5.109495433348774,5.043910345091636,,4.069413195432249,7.57507260595463,,4.343066337476523,5.023760955115651,4.907752023906733,7.623581294354535,7.360501948274984,,4.619533049254419
34,1635,alpha,,,8.438179085280817,9.092655024914778,9.418945843078028,9.395751551173058,9.683047901782924,8.227881240711088,8.46878909798028,8.923528108828911,9.297510986650236,8.421126872583395,8.52708222745103,8.457070340933424,8.550811059261646,,8.494302771177868,8.391754901766928,8.6472022838712,8.9692043333489,8.412141286019006,8.415194468679607,8.639900811764985,8.752494959889246,8.200888428459761,8.55756069867187,8.833723791596292,9.02530770810469,9.62285029597829,9.968620981514889,9.816126058991534,,8.760886522730114,9.307573620042948,9.650522458852803,9.907965887535132,10.01583216497584,8.318761599932897,9.322001256597533,9.848469729999888,10.187642961932143,10.052794474658432,9.003245988555227,9.211158548603752,8.780466522222339,9.266782887840312,9.42274795918232,9.23477728343675,9.24723434733265,8.879691139601931,9.375907458744027,9.374718624645372,9.53716846562343,9.020625834936668,9.43878093317413,9.245846957156848,9.13202895883166,8.573635176748544,8.82406856643296,9.184142796625196,8.59551489976076,8.236315797029118,9.2052443720331,9.137570688091849,8.883751722210771,8.632856923730136,8.288050455820311,9.516052985480956,9.317229264695383,8.970631920583525,8.706773524280297,8.245238293213148,9.451245968999144,9.298456768729311,8.409199213465952,8.577947619945753,8.538193527946335,8.681710322799141,10.071163401705508,10.21744410812708,9.246394788984322,9.164590910548904,8.622505725561362,8.726047243092282,8.844151784440458,9.559948147256517,10.484365031594905,9.50739852018402,9.594809405260085,9.305825490985145,9.01778908780394,9.223681804809129,10.286804569403095,9.668495858635753,9.599164206754576,9.004822078414415,9.435241484651574,9.884641262374034,9.70312984179668,9.191706436868593,9.648839453948934,8.50509811606481,10.26510719553128,10.582511356525032,9.778426254930524,9.97839708240595,9.765839444446334,9.000418288012153,8.267425933470705,10.432201373994264,9.358530545462736,8.616441082243595,9.04952577301363,8.598894114594826,,,8.858500476275742,9.47240448278288,9.319118552013366,,,,8.347536407950171,9.078754486574605,,8.81711715882855,,
35,1635,theta,4.138310811969686,5.121873840467559,5.422046550105476,5.300485432389894,4.983755871747661,4.7560118505494575,7.651977884540715,,,5.380286574317127,5.268295012355423,4.934303779967096,4.576116785680739,7.492235575863715,5.122828592108916,5.325358809171786,7.22391128958264,7.420421185830206,7.459993369927336,4.952605401887392,7.341525234912202,7.392372379800549,4.9081215886538505,5.036051442204612,7.249556646895333,7.662301922696204,7.528768089694774,5.373173331495464,6.150198481177461,4.203811602075081,4.127187645782791,4.609555649663616,4.672534064410609,5.179809530423012,5.317676185138454,4.349059169614038,4.145518388917962,4.5760683080135385,4.837554863090755,5.074964311921459,5.149870261996608,4.910023218776122,4.419026423944969,4.4565215116548345,7.633496608825587,5.128539736138811,5.14541649511212,4.193164736431313,4.2857730765725615,5.30446808179852,5.411032455748847,5.215085100070813,7.712093866076568,7.789265050751921,7.774673111697314,4.066792178236071,4.674579145774582,5.52174832691102,5.608907152105146,7.673269442756243,7.666194905609298,4.948149428560246,4.501541014348146,4.592162684192858,5.113477655249941,,5.223568016504376,4.379912451888553,4.3196086140973975,4.801237879546063,,7.348881827444139,4.281728405395189,4.18570480778464,7.069871772444787,5.040601570702678,5.042800056500997,7.79819893487117,5.399344761365155,4.2954533437006805,4.261171315022411,4.244989238656499,4.947720838097686,5.072212692938555,5.013960572907536,5.421231472749101,5.408057623476999,4.325405273246891,4.920492188564888,5.18603564409286,5.127117491921285,5.222787172389198,5.657213198702185,4.578815000148187,4.972612114074811,5.278372318761603,5.234143642337439,5.443251245962159,,5.181157471546968,5.484770664937803,,5.701658177540439,5.977590492984855,6.730669457095567,5.112882630653323,,5.566216707505984,5.946735486190252,6.025686391750687,5.636355773343053,4.939218633041919,,4.956150298448562,5.497465778849455,5.864178981962357,5.764270291864587,5.224426477191911,4.221524170000993,4.43905472924322,4.486917714239422,4.930359478718773,5.996064924348115,5.420173220267475,4.240720984451638,3.987793411463181,4.3937230380893295,4.532579018856957
36,1637,alpha,9.925443907798597,9.809986311771604,9.985399633726708,9.917246777374109,9.764124647261164,9.690732069340129,9.733802367934151,9.90963228111487,9.560734909036498,9.534633550315553,9.833764711371565,9.584617389053898,9.616337350386669,9.841904336555103,9.73674262024413,9.793601115719351,9.70150738291938,9.586227339123246,9.803982767516809,9.729793126797372,9.54796367913523,9.38324952570479,9.568374516814927,9.605134253022529,9.41593015553418,9.288108829391849,9.26276865121088,9.451999264103147,9.878359792460492,9.858619506905262,10.20086336460256,9.325620156512851,9.137899520246036,9.17571290311171,9.373189045424512,9.631579837027733,10.240097540331858,9.3025721624012,9.018705854929676,9.585033061328511,9.463379229515576,9.773008938997124,9.380435917099437,9.40277445049828,9.51982235925801,9.68498983327504,9.765521892599413,9.194463494184252,9.217960791018555,9.80354336574058,9.868888563524186,9.846343841578037,9.821234081092111,9.784665064502803,9.740480801132088,9.37897982745595,9.744581528584543,9.909529178172807,9.902734560752144,9.881986150027814,9.77552795357191,9.641435964862174,9.661615590782583,9.94940807388724,9.986550342655852,9.913178983993614,9.851455841864908,9.950824061508747,10.193943639266536,10.034469104902549,9.798525709388528,9.704926903003814,9.862566912298345,9.988538830053267,9.620198273939542,9.573206607577676,9.609961967235556,9.562970622402352,9.667967907373658,9.641022571887891,9.703627967369473,9.685014185631209,9.428944064841064,9.448510198520202,9.52642680957998,9.580709263754004,9.665199210349597,10.048102131130468,9.729879078578731,9.62574401178281,9.376441379162577,9.458218125599169,9.4883601971073,9.588002873840953,9.794544661372608,9.570179000129054,9.391105113307663,9.398546961487297,10.06385144260173,9.580093086662565,9.400468732041183,9.287913049508262,9.503483834101834,9.495817781035804,9.60388091628176,9.710395771570385,9.46544017501044,9.762813464030334,9.736776557460546,9.584175934708508,9.6605477510563,9.693726630039237,9.740344793232577,9.815629645663984,9.828715697890669,9.526417269013365,9.64102010545645,9.77721853254454,9.55101796366349,9.905299497703774,9.82507642361568,9.880909411671244,9.629965328134036,9.71939309987811,9.861779663796591,9.648371564139577,9.19733852244109,9.294762110456396
37,1637,theta,5.153374326751639,,,6.2553356876294615,7.771456576449282,5.273075248139628,4.996679085747103,,7.062310810532292,7.308272662823813,,5.08404535259898,,,7.310881857647734,7.050543105859739,,,,,,,,,,,,,,,,,,,,7.347009989239446,,,,,7.519218726979902,,,,4.9722259716663535,,,7.784126930229184,,5.313852917782909,6.316765227915553,6.371769864709941,,,,,5.206283502778032,,,6.173445979210781,,,,,,,,,,,,,,,7.2158000492836605,,,,,4.899834702681688,,3.671064135218958,,5.586909451664601,,,,,,,,,,4.716199054150748,4.516262706217868,,,,3.6674664261757086,5.128907138706331,7.696971428225635,,,,5.00850472491811,4.969054026434972,5.017222000119686,,,,5.256114418980976,4.950736053325602,,,,,,,,4.905048202400987,5.153948210971791,,,,5.631342447780757,7.692393607663735,,4.069495264709031
38,1640,alpha,9.27488238170928,10.10529085780786,10.07826658049262,9.926988751741822,9.78846460362906,9.71719950376624,9.59646984282582,9.918527691783916,9.707214362191174,9.761993626102488,9.691582361595296,9.5791632477491,9.543140593731492,9.760836871227207,9.62455292824566,9.670523807644456,9.850484296602158,9.612538227180728,9.604419752593506,9.748689691892547,9.913106930856742,9.639779457472876,9.688848403697008,9.68928270779163,9.703471077091828,9.699787963585589,9.79915170409788,9.907673431594509,10.01370387466712,10.12778471467321,9.575561715376804,9.508772021931051,9.739078046869782,10.03259717279394,10.439560687352929,10.672642712225022,10.310885068041353,9.998924377217913,9.724094331158794,10.18611701006663,10.65918843147382,10.63055721390254,9.858924017683844,9.61380757277286,9.619767740383606,10.32610675490668,10.461420075947222,9.796285029028498,9.657078395068067,9.762019464700996,9.98083565972289,10.170661844419094,10.320920709987556,9.796022086257826,9.672605104642589,10.044145405001728,9.825577620782315,9.928942661526536,10.037766965237438,10.005630984508617,9.77518239240859,9.632870207535314,9.968149900079672,9.87025712598061,9.81969154881589,9.711075156627505,9.85687462316776,9.847539753728697,9.800827656556836,9.935325815469591,9.898465270657288,9.760197812084217,9.748981962484818,9.549703256065545,9.773405599066969,9.837065176999191,9.849011658992694,9.873818603728775,9.87474925926283,9.713425286026151,9.67556155418282,9.57805562965855,9.850701394851406,9.89981601433341,9.837398144773966,10.0300099861858,9.953893320003427,9.711147404653389,9.75116571995148,9.945883148577238,9.93333562840459,10.003703051980848,10.178370884988515,9.867527868564755,9.697089966298952,9.924262471618404,9.927326163420544,10.112181484642354,9.680046675886514,9.786710245353031,9.87804133501102,9.998864201551434,10.13397378167094,10.067986901718466,9.82788500795388,9.651543122660804,9.591015503197545,9.45053042967844,9.976145073618376,10.030223095546214,10.002546528631006,9.79836694599802,9.731033576368873,9.314147672285468,9.42649991726603,9.980420162871448,9.920717582371609,9.778676361560294,9.728938985649718,9.678329493092876,9.706907839277251,9.987055482290089,9.885451041754294,9.953642329567073,9.833623795888949,9.663050849612642,9.729462623236246,9.531267173043185
39,1640,theta,6.202008175541507,6.259431208240575,,,6.547965399639192,,4.244567970477728,7.118345733066885,,,5.650081235730473,6.71248564867157,6.547965348368021,,5.607753828132047,5.714235938573363,7.387390563282667,7.756913214027358,7.777726042536561,,,7.518299835927317,7.336370040552529,7.320436157764576,7.261761834411721,6.963586594461556,,,,6.973583490975716,7.456787970592185,6.929264818032122,6.905629840961379,,,,,7.016766250562391,7.072640001217227,,5.958734172831308,5.713604257074159,7.191891473178367,7.059536485498227,7.07267367973137,,5.865555121552526,,7.158713786820225,6.901811502862673,,,5.647164150927678,,4.42805220762278,,7.350580980129941,,,,,7.210584143094852,,,,,5.502360315155074,4.9404467069018185,7.460690082584315,7.289059309259311,5.312702840473565,,5.008881455374387,7.558425023011129,7.324044037779326,,,,,6.986022635271134,4.989231162388283,7.54601628892852,6.8455165001452745,6.982863189516176,,,5.99262992025074,4.9794166088679095,3.2323365350311635,3.244827443420588,7.20771034925911,,,,7.728354629717789,,,,,,,,,,5.994554711657187,7.036726131043043,,,,,,6.547965399990416,7.621559009370058,7.669241034681512,7.460702767742107,,,6.647769620942198,7.309438584134273,6.122632360961464,7.481910079821087,6.52880917493713,6.445265458989918,6.36725248026575,7.509231505668764,7.504844672731948,7.723311817848419,7.513638845392768
40,2003,alpha,9.360400986870298,9.09001928039873,9.33657960162446,9.069762449362766,9.66242574221504,9.562088275207689,9.263380054350542,9.389632848686016,9.142012875998132,8.285037070480321,9.486113884204224,9.612594073060404,8.553071735106096,8.920643191413992,9.418069402726523,9.3014095610714,8.763575949619241,9.446830178673672,8.43436638281707,8.768127022519154,9.289327548159664,9.336563773441922,9.05151858311926,,9.180570551206806,9.132297308289072,9.103315216338835,,8.26407636134157,9.3713908030512,9.202853608693982,8.599455811083946,,,9.255114124384944,9.558630409370965,9.570316488747183,8.56896879092916,9.012522025406833,9.066235979381808,9.405081665644994,9.609426367198406,9.274337414500003,9.290766310597744,9.049562670312314,8.64655800264059,9.468070889651074,9.244159487507106,9.31958005723936,9.039330358228872,8.926260880445762,8.911328641580686,9.04616832773,8.75451984522814,9.344331500017452,8.972592258886275,9.243097202120756,9.01631945961164,8.994500273447445,9.102735889698678,9.41324398098487,9.049501884213608,9.168059948013134,9.03962648811395,8.982528450510868,9.065285454978705,9.096285632689382,8.973899247959896,9.009671443574096,9.164303582732645,9.164524486232668,9.146804147018925,9.088822971643545,9.090162506735997,9.232359885504978,9.199758951896415,9.169545074697735,9.573228253362904,9.445699638422782,9.287314352012842,9.061298776337845,9.067235857970164,8.796714296532619,9.27087817774707,9.071419047983843,8.90268133993926,9.495128889956842,9.014067384442422,9.624998478905294,9.721782273697384,9.154798910696778,8.986318216936516,9.116691929073008,9.627825478693032,9.618409751742997,9.45141573484385,9.600721178420535,9.5998942105818,9.322128923798951,9.169750874152836,9.564229591104658,9.045480009796991,9.254415261217344,9.227714881617125,9.3838213197687,9.131729217529566,8.851455639973521,8.657405047868545,9.037831617913472,9.106632356693716,9.27972327142078,8.71789585750976,9.011948545514777,9.311977013042686,9.17709438919088,9.389970412422477,9.194288172071426,9.05782397385048,9.317791728236942,8.992616642998911,9.335370092937392,9.332461299517991,9.232830971065052,9.22576997268094,9.381895280154003,9.322596386530092,8.829264314200337,8.713633637205486
41,2003,theta,7.493187507517319,7.601157485930644,6.854556330138667,6.1106739905444405,6.20538817788563,6.914381083209823,5.113567854605161,5.622000034654012,6.938009289374523,5.96256330916216,6.456194813049885,6.692970191923496,6.195251563296963,5.891471452862097,6.339193420577373,6.0396609817858,6.2833156672683215,6.371421684772856,6.492265178330761,6.536877396415786,6.233698177196243,6.295024081784371,6.032531370133696,6.195492903701484,6.197029763149125,6.162648107157684,6.2488651757189935,5.473832084684832,5.224063694006423,4.58301062009755,4.972570923549813,5.687695764095345,6.2801513768511255,4.241413668658715,4.804819316601766,4.612995347386764,4.611384612298969,5.504324764716312,7.649435164561414,7.3790829079901235,4.793253663647884,5.356189285478229,7.763653851722907,4.385412277598845,5.560597166999099,4.924766109226794,5.218885104703926,7.514231891086618,4.741834351983285,6.547965400863936,4.876953582536098,4.637562251886158,4.751610288342262,7.64251430657535,6.654918090196602,7.47963952701572,7.445534371844305,6.408735408091466,7.281610936944296,7.704149606593579,7.646650512304372,7.702269739849354,7.093531983546431,6.972211260377506,6.865540447406695,5.53109102682769,4.17544259051135,5.669474894646844,7.098479742735615,,,7.763799556246178,7.48222006081714,4.332431196503063,4.338507202086711,4.172461055134333,7.696995084347598,7.667138235953876,7.496240304060422,6.683772107589328,6.107644268560324,4.407134451006835,4.384865917735803,6.974565703545615,6.931926471928002,5.023247266301213,5.070823107854035,6.403089000777046,5.636558031878633,6.667988675493074,6.793191337246594,5.813333689252866,5.940880787176772,6.535108663499611,5.191103078078788,5.243239398334012,5.357064290084997,5.387012276118935,5.484560980629094,6.739653054334737,5.247722154068039,5.087181509725155,5.354851011007123,4.920046705701262,5.692252704611321,5.485270021347311,7.046093100164688,7.100679460999765,7.539352997882402,5.583571778151879,5.687591216809061,5.852883608478517,7.431963971649016,7.448205346660242,7.276614686144017,7.448097708217028,7.068009489361882,5.948993417371344,7.290345415783466,7.574010198442004,7.357021598958433,7.305120012744836,7.074996060834912,6.154128401847716,7.59642612592569,7.442116988403199,7.512604844572013,4.388578727299051
42,2004,alpha,8.510390221939723,9.088865544507176,8.602536694126117,8.90919744520462,9.114575695504248,9.104678496069296,9.110237140972808,8.726186874167539,,8.23406179488548,8.728935143042563,9.283900483032406,9.315236173094764,8.894337943077263,8.59582122787383,8.499256684993089,8.45052016996921,8.827914639203014,9.12429115253597,9.41076679806044,8.445260183481048,8.60338902295225,8.842404846496642,9.347696143504455,8.617218584547707,8.95536469569866,9.14529633177277,9.34365426597342,9.35892633050203,9.361537941478543,9.169407834546956,9.313542443571524,9.430576011766822,9.119776256864524,9.31699978351704,9.3350343878131,9.347239735833584,9.67188882153592,9.44687006746964,9.084715049921552,9.268547106354708,9.261065562783394,10.06208516283705,10.32895657715224,9.03542820933392,9.05106402511622,9.211859184973282,8.955648974446003,9.462637652065013,8.935822844796048,9.227688803795234,9.256465679446508,9.28158619089554,9.221212432230145,8.758883268828022,9.639883930952998,9.145169841143748,9.65734316265877,9.801504345580549,8.94499366254887,8.98308486657504,10.33339425465912,9.658703947240635,9.269107772247262,9.24441551164012,9.141245864178387,8.525861110746908,9.615041112320904,8.813700354530184,9.091127444128556,10.190969789368683,8.661478424345681,9.51985621566258,9.044766065757106,8.648320925888804,10.492437267576484,8.605610534777542,8.885640477650297,8.962833879303634,8.96576310614409,9.62755711671169,9.590172868894753,9.570914440455534,8.766001154021604,8.932158266373033,9.099392828815402,9.379086190830709,9.570876374937992,9.479836138076726,8.972029376190966,8.88047537475516,8.93221602213536,9.148962088559692,9.785164082826633,9.26972999699336,9.019743739850528,8.884898282367635,9.106527833740952,,10.758711998460178,10.551952387220211,10.258250061365596,10.903508047941244,9.602636491389111,9.49813092658412,9.133505724634167,11.832645589583969,11.180676040139886,9.632220783998314,9.508473741396294,9.591457966004691,9.238490793823624,10.112828310790402,10.098751058893392,11.226135617925696,9.907334202050125,9.356490786297238,9.17279186776726,13.499999998906349,9.338182865361636,8.300075230932594,10.202417955826538,9.159011479814051,9.0193917093226,8.254336686962397,,,10.328165941511802
43,2004,theta,6.502525381431502,7.54368890414508,,,,,4.691131023524258,7.395113374569928,,7.5067615472944444,,3.7337259847410578,,,,3.283130051451288,7.339139843025905,,,,,,,,,,3.4359513437422056,3.468805683922463,3.5571501805512957,,5.54796540017226,,,,,5.745244217185104,,,,,,7.269883574307438,,,4.693852123289098,4.962843278667612,5.185909844870162,5.879665930417138,,4.913178100682737,4.924758926509616,5.161555772970507,5.893356555313006,6.378605382649467,,3.286212794854741,4.8031331634385,4.871184739945056,4.8558469111284905,3.4169750248718023,,7.756613011876476,,,5.14401704135753,5.040619358393782,,3.2621135054992303,,,,,,4.069362288849917,3.9892279695596367,7.633272445559461,7.51025589102979,7.648966312227276,4.913606248938267,3.32431157618147,,3.7472794029606313,3.836409972350033,,,,,,,3.810807573652644,,,,,3.642045117751615,3.91618516376879,,,,,4.097243169593035,6.9258663133755896,,,,4.011214504105767,,6.383134077010149,6.755479589654051,,,3.4155618210271497,7.2533146756013345,6.994185573813631,6.561667656193628,6.982541971914973,,,,6.191414125877715,7.082435279803996,,7.560087798776816,,,,6.788208486781469,
44,2006,alpha,9.749567735349606,9.392704269599248,9.609262117744809,10.176355075084176,10.43720526765882,10.312332175774884,10.162879027153805,9.68064629624342,9.86016556052703,9.83060493666144,10.021929993428952,10.058302321433146,10.3316255458233,9.961173678629288,9.691937426581118,10.053886605755206,9.90841722014591,9.977603892762572,10.021745624738555,10.100153464739655,9.799008094393873,9.755222154639997,9.62221548026864,9.71268028831916,9.672789936773372,9.633726307855865,9.39566876192031,9.778088902528694,10.146553304179331,10.514935411167327,10.33298339889139,9.95758874131404,9.778177895429046,9.871426730318804,10.087024565527049,10.453587613871274,10.57566724286451,9.846983695976803,9.893438198619693,9.752934884523809,10.11306666169429,10.234543671746692,9.965450109314826,9.952521521675632,9.928920492762892,9.854370796615555,9.914753725934352,10.024953816121364,10.087641432949104,10.04111967184762,10.034196825052105,10.122153585518523,10.26369160959064,10.293458365392013,10.094281123946146,10.050718339535194,10.215680362373162,10.248068187333642,10.393326597286755,10.329137700052604,10.25259951720621,10.347702663517378,10.257632669376871,10.255297367665234,10.347689828503944,10.439228597289176,10.396580799592655,10.43646694465069,10.34437887335079,10.399670928298091,10.407846185292264,10.35171631047212,10.328313604113234,10.387978712953869,10.293704742279104,10.17813158477168,10.12335870169106,10.115442320053848,9.90511917651579,10.00440767052706,10.26140263095699,10.251166313847367,10.201184339717706,10.097679975969353,10.068215468495405,9.856332168775523,9.673571159961003,10.204665596535383,10.31705158647593,10.19428944763158,10.146737123586965,10.07923563202185,9.894798678725689,10.2163657853689,10.213614812264542,10.222430728998138,10.1532258781845,10.106451451032926,10.235898720050535,10.151546248376984,10.183269934942302,10.124874408461457,9.811961947747443,9.783215052521983,9.765247103097416,10.152186985556067,10.043353856294525,10.097792932072744,9.844018237356918,9.762072351187555,10.0617317065946,10.266627070965416,9.83585887761516,10.019104086876334,10.053168198434534,10.063981034965623,10.018574623289956,10.180394549467293,9.604278338315412,9.670979887460588,9.911014245399326,9.776764880025546,9.882965652105298,9.962250885499673,9.70905670478964,9.480169998145076,9.654030796141368,9.855820344345403
45,2006,theta,5.950811872424382,5.759956123464402,,4.012429822516991,7.023473358033863,6.600753873127695,6.369818820793537,5.74510079458213,,,7.526539237271439,7.277075834610588,6.673030637233909,,,7.383338657035563,7.648403042929006,7.432805248875555,7.209045557929553,7.203815146448567,,,7.326539265344333,7.093798174930708,4.90697323856051,7.236305407954534,7.2730877244627825,7.279135351635134,6.430906124764743,6.058436750061634,6.174544461141594,5.256925838040728,5.593477383551605,5.6451366467866455,5.76967597792523,5.936869472573918,6.102952080100419,5.257224536918249,,5.152264015009808,6.005983986850088,6.094738290526249,5.069074786134324,,,,6.227566732944526,4.96913758575226,4.489122551051255,,4.227144396239933,6.121109092187817,5.897706971861859,5.8911066105774434,6.340734835015779,3.878249835648166,,3.935320464964263,4.397147555640567,,5.593152422676182,5.115979782010681,,3.626875767677025,4.2406519330804056,4.552635623809112,4.89854464757007,,3.907752604041884,4.386787346268438,4.832979855190174,5.037651088178251,,4.102543773968682,4.592032688043515,4.794032611368446,5.040413272192855,5.119217820906108,6.168919528566114,6.467962276924608,,,3.8198833434960746,3.9278973754754056,,,6.713223078772944,,,,,,,,3.2139032116462367,,,,3.622894034783982,,,,,6.8126542518367,6.565449624643214,6.474845214666299,7.456275525587282,,,6.604833225341163,6.615533294620222,6.5615467046610325,,6.369001531926844,,,4.337793414824609,6.861686352498935,,6.207818820304715,6.02580442922267,5.970690819858055,4.3665906335369815,4.164208834329318,6.113990001237826,6.205410267132647,5.145957275916722,5.16128580962207
46,2007,alpha,9.326681413206597,9.59290526068706,,,,,10.272452384462555,9.520154346685423,,,,,,8.347416079863043,9.95579427258511,,,,,,,,,,,,,9.63298853020692,10.623793686195036,10.657695161211546,10.183576519347694,,,,9.415335976317587,10.428190906239784,9.867928866776698,,8.749002480838426,,9.28974619733132,9.420304117901074,8.99012919724459,9.076727014523422,10.277083499858849,10.12663236540834,9.30472607482364,9.200368793581228,9.344003093791162,10.31962515801451,9.522296473710623,9.50976830963886,9.429420686230936,10.03415635029401,9.915047676140674,9.875367770380192,10.299121553183758,9.799332191070176,9.795540123224068,9.67893523787477,9.388509555875364,9.553221511247251,9.909849382456038,10.243971584641988,9.999697668627206,9.826310360864651,9.536785731353351,9.816979158490376,9.799646540043788,9.721406313603689,9.59776362459116,9.582100919519782,9.584842648005775,9.811042049960628,9.656576466930392,9.606535314390111,9.6034614581077,9.832634531437431,9.601489803191596,10.006926874506844,9.64730104886496,9.85490951014069,9.791668867116805,9.583776812464368,9.49210354159302,10.080640924181496,9.375313585748964,9.255996426425332,9.80791781835326,9.993561943947896,10.026283882036717,10.234658170659385,10.203626866934608,8.946642146818172,10.17383244164848,10.132289693554696,10.242978971641206,10.214615104513411,8.601388005204981,9.883054339815128,10.17937361252256,10.077550816998215,10.154243422284104,9.8825809659134,10.14402239014372,8.862418995071161,8.569990186322354,9.8327852740488,9.398857469650116,9.779670506478393,9.97987442967291,9.012549792025258,9.305313927219194,9.099642305557492,10.114841362428056,9.484135057408832,9.65759968061614,,8.586832464796442,9.288736194078918,9.285807712513392,9.42115957187868,,,9.210439417664894,,,
47,2007,theta,7.122830369832746,7.122849372174732,7.280986811521391,7.009835948315373,6.486227362620278,6.552469764584486,6.614021538663476,7.144890668331003,7.351724136824601,7.237810375252641,6.81654310429188,6.690199025394315,6.574574166090012,7.126625044130516,6.775925641132511,6.8651950508898345,7.028207729098462,6.871918441917605,6.878912980190622,6.843314135190249,6.955990234517389,6.885185405632712,6.934725612527483,7.00655390399199,7.01557400153637,7.094419555807514,7.219545380634207,7.130998714092045,6.875401815342608,6.737263679606996,6.60074478557097,7.113410562519212,7.153365290238949,3.5514692676253463,,6.616403260170197,6.741147778949591,7.679982714157376,4.066283166724306,7.774645546103282,,6.476506374316824,6.989065061021698,6.32858673960827,6.362939862413686,5.778209299251549,6.660766598823279,6.855426365033339,6.734948197309195,6.364390118258761,6.307882517604307,7.435711717670511,6.7168369101393335,6.697716932621421,6.915931346557189,6.273587865360175,7.156923270785055,6.409222829292085,6.328319324860078,,7.095568739415405,7.340746147359299,6.705604066547649,5.310908289809067,6.214396668558314,6.279032875867487,,6.830637695719732,6.801859965978001,6.036398257362218,,,4.518506382169058,,,6.414143734552497,,7.034279051775346,6.893926191843233,6.605602790819523,4.501517919041667,,,7.107600669347227,7.279738753886768,7.127983253285565,6.739537304840078,4.497619371371898,6.349142861833017,6.772474154584404,6.986727128565906,6.902824865987717,6.914256430540586,7.039457108348997,6.7888852865467415,6.826993647219182,6.9904313403267775,7.050823161919926,6.907368815473186,6.69576793031584,7.030979919997251,7.283296180436941,7.338982215761235,7.171519551499397,6.552100766157202,6.8921653885697385,6.848279180310787,7.088200037021364,7.339329409336461,7.179439945231625,6.487855323621043,6.474705328096786,6.8783888302285465,6.970306014189336,6.986179499884104,4.325987546958483,6.450623255369318,6.740331342778835,7.034011012634601,7.006488716324696,6.932092375952023,6.99888125761017,7.0574940909988,7.389937451993783,7.038503458361374,7.131833147842048,6.962653086268645,6.94112533882735
48,2901,alpha,9.422604030008896,8.63875999601688,,,8.223289284180526,9.421453126408316,9.450549508221563,8.689096038009101,,,,,9.310719010807814,8.988844955199196,,,8.6609526121528,,,9.217304971158946,8.794604836546364,,,9.1152140661111,8.852182116166611,,8.876674947600918,9.062534625473871,9.642209735241632,9.5469532371799,9.508888176667494,9.106271496547375,9.428993101905643,9.231098798413214,9.391366680042395,9.4037070240343,9.445141929696906,9.094520159537083,,9.41703763817024,9.550427037583434,9.144367841996166,9.127955234835277,9.330820835393942,8.393526769672784,8.282698445549984,9.68306237411145,9.141137643887324,9.2546307281738,9.933587060349124,9.695520447683212,9.231272045128485,9.47049223058098,9.548015296498006,9.563855537609612,9.41739377739525,9.659064911206674,9.55461612839509,9.483442504002504,9.469966117656124,9.474235716383197,9.493831501951096,9.379031257660449,9.477272567237794,9.56622430797335,9.542819311408872,9.52820961506241,9.473624943329206,9.577379626761102,9.550344540594162,9.568067713266853,9.4417883646061,9.678883998317302,9.267909499553442,9.559764916235729,9.420521028538293,9.424110884532416,9.565232051155974,9.58427942758205,9.5019119633606,9.718323242218704,9.559456817489355,9.457614220063917,9.398374581214098,9.42609238219622,9.542927676762153,9.686807153133838,9.5354541191794,9.65205018331349,9.451968697989958,9.284149202232662,9.4325729713145,9.46754184741786,9.549527887489123,9.580287303771732,9.742089179600528,10.477203587694904,9.305751965569426,9.440353037086153,9.113309286344064,9.827364702771463,10.96739478897914,9.960157877822756,9.814847928643058,9.703790723448751,9.044702289901169,9.329252474998247,9.553855228900622,,9.936877155881978,9.718902558959703,8.58319472196017,9.482172095913056,9.432112054088496,,10.152122575688855,9.459008988293744,,9.293907012624908,9.450575059087662,9.414971582529084,9.61548061431944,,8.944757944187147,9.410577349686882,9.4677322365831,8.922376205934112,9.06398456004152
49,2901,theta,4.042946637041793,7.768431590319073,7.792730404636984,7.452034599579468,5.997327784570045,7.751261823128254,7.694003554581624,7.650464396811776,,5.452034860671307,6.321246996174854,7.794055662020737,4.714064587726593,7.405315706262511,,5.348425336781723,,5.027396700056871,3.984409997284087,4.389621198960239,7.275487289778183,,,4.633445880474113,,6.281452724187602,5.946528607571165,4.460451788529552,5.088006971131398,4.997007639279616,5.127243880262257,7.213091838789086,6.959206117427954,4.377848821817705,5.076740088206545,5.272603096750946,5.250098681778387,7.137054999326415,6.708352959857151,4.459640396106148,5.076142768886314,6.321573299786724,7.439528937290735,7.417550763989938,6.774224671569782,4.5445633608217975,5.668702795455895,,,4.823186416647103,5.024474318309258,5.128804997257636,5.816240223673896,5.601120130702354,5.371231667858416,,4.022677471384003,4.803434691332423,4.815273054506912,,,,,4.2828136746262295,,,,,4.186250625108493,4.569078060717305,,7.546941861959417,,4.128453443104399,4.198193348860831,7.643100707912815,7.512738980960453,,4.324963597481279,7.365494964524574,,4.315302468435999,4.3238802093964726,5.985738181416892,,7.286135657832125,6.349210483961001,3.87193796305706,4.440424557516266,6.009478508239069,5.32030743854694,7.24758409490483,7.15487546015225,4.282615680452603,4.41358484559032,5.265865834312518,5.200445448693161,5.471072093937024,3.888587334963084,7.637174141252769,5.556077888142306,6.17090117813773,5.817661996513599,6.162692087426563,4.07191066929083,7.536676281127693,5.060159862602287,5.324219338581112,6.041046186354063,6.23509456943834,3.957240282043305,6.159818448825013,4.729055407242916,4.401497628535736,4.417710085718282,4.299278348145901,3.79638112787121,7.452034600016358,4.802077862380171,4.733384390509215,4.508330791265315,4.428411537682347,4.045697296798172,3.762499979403602,,,5.306237080348404,7.498623687649107
