PID,age,load,exp,V2,V3,V4,V5,V6,V7,V8,V9,V10,V11,V12,V13,V14,V15,V16
1104.0,0.0,1b,wmc,0.9372718254364787,0.6562075080439338,0.4567892012579341,0.30210834542965476,0.1757248838653891,0.06886918966423194,-0.023693422920610496,-0.1053394335271558,-0.17837427874889,-0.24444233267405546,-0.3047577403131556,-0.36024253677192286,-0.41161343451431254,-0.4594385961414349,-0.5041760470991554
1104.0,0.0,1b,wmv,0.9028290051215446,0.6272618039722153,0.43174376323064867,0.28008818877916025,0.15617656208131936,0.05141077448133674,-0.03934147866024729,-0.11939063906800995,-0.19099705311173576,-0.25577293385832434,-0.3149086798095766,-0.36930829271073473,-0.41967446740955916,-0.46656425426106507,-0.5104267205511435
1104.0,0.0,2b,wmc,0.9384510489577532,0.6466039220938612,0.4395350902354493,0.27892002613507616,0.14768796337155737,0.036732835267908825,-0.05938086848685464,-0.1441591634923347,-0.21999593258722783,-0.28859863496662164,-0.35122799535074667,-0.40884142199039797,-0.46218312345439516,-0.5118430594511199,-0.5582968272091584
1104.0,0.0,2b,wmv,0.9633701094846905,0.6769297398274912,0.4736970632568236,0.31605755236699506,0.18725669359962427,0.07835711918581456,-0.0159759829710433,-0.09918367605757505,-0.17361549386087183,-0.2409472632025682,-0.3024163526282426,-0.3589624334521804,-0.41131592704205233,-0.46005586351807115,-0.5056490291989102
1108.0,0.0,1b,wmc,0.8301145410450348,0.5917401272551017,0.42261078910186023,0.2914238825793418,0.18423637531192716,0.09361062921359742,0.015107037158685666,-0.05413803847800591,-0.11607986936383274,-0.17211307119733865,-0.2232673766312474,-0.270324775993829,-0.31389312272957715,-0.3544542831537658,-0.3923967147844889
1108.0,0.0,1b,wmv,0.6786940474724144,0.4718624780158408,0.32511314407845904,0.21128551746029042,0.11828157462188538,0.039647861377774984,-0.028467759315496277,-0.0885499948346884,-0.14229538593366486,-0.19091400608101905,-0.23529932877206994,-0.27612986762883107,-0.31393304201618033,-0.3491269553902385,-0.3820486627094517
1108.0,0.0,2b,wmc,0.9314831660589635,0.6979350540261712,0.5322300314650904,0.403699230467477,0.2986819194322978,0.20989104810379966,0.13297689687121728,0.06513380739950561,0.004446095873603895,-0.05045261700126069,-0.10057121516157519,-0.14667585619066292,-0.18936208649007336,-0.22910201615918857,-0.26627623772265596
1108.0,0.0,2b,wmv,0.7394020304866817,0.5384401726786552,0.3958554654328947,0.28525817424003164,0.19489360762486796,0.11849145518073667,0.052308900379107515,-0.006068250183158819,-0.058288390813755475,-0.10552725408083741,-0.14865295742891926,-0.18832475881550748,-0.22505510987305044,-0.25925024862178225,-0.2912376646746797
1605.0,0.0,1b,wmc,0.9846700807964612,0.7668822211027079,0.6123592755307234,0.49250196728554446,0.39457141583696986,0.3117723143641996,0.24004847026498544,0.17678355614321628,0.12019116201980663,0.06899711436559186,0.022260610571231965,-0.020732805236231222,-0.06053849090153829,-0.09759669767394685,-0.13226233500075257
1605.0,0.0,1b,wmv,1.1882681890294444,0.9778781453971599,0.8286040338521289,0.712818037576623,0.6182139902198442,0.5382274078820332,0.46893987867481335,0.40782394658755994,0.35315388239930745,0.30369879369588326,0.2585498350425288,0.21701681919696036,0.17856325270471762,0.14276383876702292,0.1092757234974977
1605.0,0.0,2b,wmc,0.8764469617907078,0.6684949044094366,0.520950571637659,0.4065062960163537,0.3129985142563879,0.23393881127388483,0.16545418148461047,0.10504645687511682,0.051009905863304894,0.0021278995368789744,-0.042497875896660764,-0.08354960983436688,-0.12155757887916385,-0.1569421515179663,-0.19004220866843835
1605.0,0.0,2b,wmv,1.0818762000512656,0.865585940065168,0.7121255583956898,0.5930924387441304,0.495835298409592,0.4136055579211033,0.3423749167401138,0.2795450384234941,0.2233417970885545,0.17249978095211338,0.12608465675401614,0.08338688151639428,0.04385491626552729,0.007051537102456651,-0.02737572491546203
1606.0,0.0,1b,wmc,0.8171606120322115,0.5917569819686233,0.4318305613269011,0.30778199220048974,0.2064269312633128,0.12073244827326263,0.04650051062159055,-0.018976698800275527,-0.07754805850482072,-0.13053229828354196,-0.17890311944199766,-0.22339996148572983,-0.264597602432048,-0.30295168856840915,-0.3388295400837198
1606.0,0.0,1b,wmv,1.005842439844421,0.7759972343388564,0.6129194657696624,0.486426521288299,0.3830742602640978,0.2956911686608938,0.21999649169490393,0.15322905475853288,0.09350354721354037,0.03947525371595684,-0.00984871381066088,-0.05522236551717974,-0.09723180541386478,-0.1363416582920245,-0.17292648237985464
1606.0,0.0,2b,wmc,0.8380582872886799,0.6276728653127239,0.4784020328850427,0.3626185800905553,0.26801661090908685,0.18803178564346434,0.11874577848140544,0.057631188933130684,0.0029623256869180103,-0.04649167663228515,-0.09163964349455056,-0.13317174698075918,-0.1716244687601729,-0.207423096289038,-0.2409104759222318
1606.0,0.0,2b,wmv,0.976087154064322,0.7469688772454459,0.584406872787465,0.4583139860310602,0.35528859596858875,0.2681818698256877,0.192726591510608,0.12617031914971272,0.06663370475420316,0.012776285895269579,-0.036391685308268196,-0.08162183430837744,-0.12349841145116947,-0.16248457206467304,-0.19895368976624916
1607.0,0.0,1b,wmc,1.02996428072467,0.7700619318357974,0.5856582806503771,0.44262369649943567,0.32575593176150436,0.22694564459067038,0.14135228057608407,0.06585358287263166,-0.0016823035748574355,-0.06277594420831156,-0.11855006831278869,-0.16985728888434992,-0.21736035548362276,-0.2615846524637302,-0.30295371949820904
1607.0,0.0,1b,wmv,1.1224886792902338,0.8390569472143424,0.6379589329791971,0.4819751948330282,0.35452720090330575,0.24677145741165957,0.15342918666816074,0.07109546882741455,-0.0025545514780083156,-0.0691790989574379,-0.1300025454077307,-0.1859546922689166,-0.237758288899377,-0.28598628355389977,-0.33110055964287577
1607.0,0.0,2b,wmc,1.0085019569426017,0.7589089539250569,0.5818199000417912,0.4444589583410921,0.33222689702424635,0.23733604124925917,0.15513784314098067,0.08263389400670151,0.017776901440281545,-0.04089338490445016,-0.09445515987656417,-0.1437272165304846,-0.1893460156515514,-0.2318161015772633,-0.27154421375982984
1607.0,0.0,2b,wmv,0.9294854416627203,0.6850074577153642,0.5115475676178752,0.3770016240453439,0.26706958367051903,0.1741233678934786,0.09360969357303017,0.022591599723162936,-0.040936249999501184,-0.09840418038922394,-0.15086829037432592,-0.1991305931234284,-0.24381450615136635,-0.2854142339468573,-0.324328180471815
1608.0,0.0,1b,wmc,,,,,,,,,,,,,,,
1608.0,0.0,1b,wmv,1.0682535283748185,0.7793025853870591,0.5742886286905935,0.41526744959402384,0.28533768570283424,0.17548363560684388,0.08032372900636874,-0.003613257284925009,-0.0786974500902009,-0.1466193644055649,-0.2086272139813905,-0.26566890610004257,-0.31848126407738087,-0.36764839307796016,-0.4136411706778562
1608.0,0.0,2b,wmc,1.1209348267406178,0.7975500585232593,0.5681049140219705,0.3901334334237095,0.244720145804612,0.12177496292789503,0.015275001303323151,-0.0786646224127463,-0.1626964792949377,-0.23871254032812073,-0.30810976691403513,-0.3719490269412906,-0.4310549497907521,-0.4860812475122962,-0.537554911415324
1608.0,0.0,2b,wmv,1.0741749066177775,0.7761120307326693,0.564633054759498,0.4005972171253835,0.26657017887438994,0.1532519326673696,0.055091202901218495,-0.03149269701071811,-0.10894463473289595,-0.17900843486147666,-0.24297167298388933,-0.30181214819548474,-0.3562899191909099,-0.407007510618004,-0.4544506489570608
1609.0,0.0,1b,wmc,0.8619687977058159,0.6348884322503867,0.47377234891554476,0.34880100571445316,0.24669198346011537,0.16036003525943654,0.08557590012527339,0.019611618004686138,-0.039395443075818104,-0.09277382269169143,-0.14150446533015582,-0.18633231104875714,-0.22783641353083484,-0.2664758085312475,-0.30262054866499777
1609.0,0.0,1b,wmv,0.8921199085621138,0.6593940362439947,0.49427240204467204,0.3661941122158245,0.2615465297265526,0.17306825942947057,0.09642489552722999,0.028820657408433314,-0.03165339430161751,-0.0863588283628911,-0.13630097679088937,-0.1822432998009833,-0.22477924708797148,-0.2643792666197369,-0.30142261099021184
1609.0,0.0,2b,wmc,0.8489325954462715,0.6096381687357639,0.4398560710271856,0.30816284485780565,0.2005616443166778,0.10958612553921876,0.03077954660809956,-0.03873278239382971,-0.10091367956128039,-0.15716314315228108,-0.20851488010240815,-0.25575389885414257,-0.29949039887986717,-0.3402081062717881,-0.3782969778109866
1609.0,0.0,2b,wmv,0.9797037684912041,0.7172909341124283,0.5311060651251475,0.3866898611096668,0.26869323074637136,0.16892850128882445,0.08250836175909071,0.0062803963675954755,-0.06190784225639012,-0.1235916072153509,-0.17990447261968545,-0.23170728714537137,-0.27966920207723245,-0.32432067663516606,-0.36608934160696616
1612.0,0.0,1b,wmc,1.0672310545575772,0.8209713235502685,0.646247263795411,0.5107207540568866,0.39998753278810223,0.30636392821710734,0.2252634730332445,0.15372780178079348,0.08973696329472047,0.03185020862331722,-0.020996257974064125,-0.06961029471017555,-0.11461986254505896,-0.15652276771258822,-0.19572031772892173
1612.0,0.0,1b,wmv,1.166731759243338,0.8750953739033752,0.6681760655357478,0.507676980865216,0.376539680195785,0.2656646723010816,0.1696203718281577,0.08490329485582238,0.009121287157625835,-0.05943187751276113,-0.12201601351180513,-0.17958783775002352,-0.23289102140650852,-0.2825150981823368,-0.3289353218794324
1612.0,0.0,2b,wmc,1.0580533297455235,0.8011314129588097,0.6188424120029774,0.4774480780003896,0.36192049521626374,0.2642433157420956,0.17963149426043157,0.10499857842955018,0.03823716025784374,-0.022155888601199214,-0.07729042252628204,-0.12800927716764776,-0.17496760200045047,-0.21868475652886987,-0.25957942348211427
1612.0,0.0,2b,wmv,1.085037144822776,0.808619333773799,0.6124977757038971,0.4603740768441802,0.3360799646549201,0.23099079017977497,0.1399584065850179,0.05966215360594296,-0.012165292274698869,-0.07714112063911593,-0.1364594044639591,-0.19102693593117914,-0.24154857893910409,-0.28858310332367587,-0.33258096253386116
1615.0,0.0,1b,wmc,1.0575164161159947,0.8016437012404486,0.6200991208874972,0.4792822043638039,0.36422640601195094,0.26694811459164547,0.18268182565899949,0.1083536911364047,0.04186490913530627,-0.018281510307777804,-0.07319088921654693,-0.12370262132088827,-0.17046918063685235,-0.21400780574023992,-0.2547354695694981
1615.0,0.0,1b,wmv,0.9544933987247608,0.7143602220157742,0.543983021712654,0.41182819810965365,0.30384984500366746,0.21255544827620693,0.13347264470054726,0.06371666829468081,0.0013178210975468563,-0.05512880227753203,-0.10666053200843928,-0.15406512806780626,-0.19795492873589993,-0.23881535561143985,-0.2770377323115596
1615.0,0.0,2b,wmc,0.9407033284332014,0.6965918378277189,0.5233919788944946,0.3890477311626247,0.27928048828901225,0.1864736068139185,0.10608062935578794,0.03516899768352988,-0.028263618376082045,-0.08564539943849492,-0.13803086124969433,-0.18622081469218243,-0.23083774272478808,-0.2723751089815645,-0.31123072018291875
1615.0,0.0,2b,wmv,1.119065780591904,0.8507513678425712,0.6603792623645849,0.5127151854011467,0.3920648496152521,0.2900564441922937,0.20169274413726582,0.12375043686591924,0.05402866717382748,-0.009042345379017602,-0.06662166861206709,-0.11958951140499674,-0.16863007403502528,-0.2142857455755054,-0.2569937740900534
1619.0,0.0,1b,wmc,0.9306988816294121,0.6795574978567084,0.5013698503443461,0.36315677322290807,0.2502284665716423,0.15474894375412496,0.07204081905928011,-0.0009129172010613473,-0.06617225806215798,-0.12520651271200056,-0.17910056471342362,-0.22867828660381972,-0.274580087530941,-0.31731364183486166,-0.3572882122257859
1619.0,0.0,1b,wmv,1.1418650988884786,0.8791153545793025,0.692691444192234,0.5480898252622785,0.42994169988305786,0.33004888321461856,0.24351778949598968,0.16719195557388167,0.09891617056603375,0.03715321026966367,-0.019231954813186736,-0.07110127859585202,-0.11912477148162592,-0.16383357374314245,-0.20565586520025492
1619.0,0.0,2b,wmc,0.8269446884436824,0.594031321536489,0.42877665780915086,0.30059518226192317,0.1958632909019573,0.10731373847037884,0.03060862717461932,-0.03705007600523613,-0.09757284837260838,-0.15232235562942842,-0.20230473973257435,-0.2482840759758258,-0.2908542921641526,-0.3304862152798018,-0.36755940345991234
1619.0,0.0,2b,wmv,1.1345604346207003,0.875174564981875,0.6911373616561117,0.548387016547522,0.4317514920172867,0.3331375611442432,0.24771428869152357,0.17236562237846131,0.1049639435829337,0.043991708538278385,-0.011671580947301807,-0.06287684355304979,-0.11028551182034496,-0.15442192605589167,-0.19570878427306493
1621.0,0.0,1b,wmc,1.0010998117368353,0.7196279853328756,0.5199205463019497,0.3650154220811966,0.2384487198979901,0.1314380979610325,0.03874128086706419,-0.04302310650596963,-0.1161638433536889,-0.18232768790639087,-0.24273054553689533,-0.29829578818948477,-0.3497411674738531,-0.3976356697576484,-0.44243798456782124
1621.0,0.0,1b,wmv,1.1433387552749283,0.8208653915953604,0.5920668989046227,0.4145970004183106,0.26959353522505464,0.14699485227222403,0.040795042534317094,-0.05287982845451333,-0.13667485595199502,-0.21247667874707998,-0.28167832114525093,-0.3453376611608163,-0.40427700409808165,-0.45914821963156327,-0.5104768138359888
1621.0,0.0,2b,wmc,1.062331974196999,0.7617155555933333,0.548424812228397,0.38298365862687384,0.2478083936247315,0.13351933553239204,0.03451765025979525,-0.05280802497893422,-0.13092350334172798,-0.20158754899273923,-0.2660987683438705,-0.32544333742018083,-0.38038782643620994,-0.4315399219453937,-0.4793895117088067
1621.0,0.0,2b,wmv,1.116286604818216,0.8100459875809944,0.5927648117807467,0.4242284383161783,0.28652419454352535,0.17009691536752353,0.06924301874327754,-0.019716422693696334,-0.09929335472129086,-0.17127944602382716,-0.23699759849394386,-0.2974524384126065,-0.35342487766994557,-0.4055339719585125,-0.45427877429419183
1623.0,0.0,1b,wmc,1.027339822156626,0.7549592373221596,0.5617021368371931,0.411800283894547,0.28932155200272675,0.18576725969903915,0.09606445151776022,0.016940967168260542,-0.05383740142488591,-0.1178642239470713,-0.17631613331670604,-0.23008667754325396,-0.27987042562039366,-0.32621798625935217,-0.3695732338016726
1623.0,0.0,1b,wmv,0.9322823466168263,0.6998867319452643,0.5349994192752292,0.40710288334487454,0.3026038046036672,0.21425109243653717,0.13771649193363222,0.0702081899321052,0.009819956003277452,-0.044807846431881515,-0.09467912273792978,-0.14055624971578418,-0.1830318349050597,-0.22257565866828455,-0.259566435407965
1623.0,0.0,2b,wmc,0.8735104040217522,0.6495620872572151,0.49066822783362374,0.3674205754108476,0.26671991106908666,0.18157871251689373,0.10782605164549541,0.04277159430454969,-0.01542160077728072,-0.06806374904324186,-0.11612226511904167,-0.16033181433623955,-0.2012634636712345,-0.2393699175418178,-0.275016124542633
1623.0,0.0,2b,wmv,0.8380068331116073,0.6215690752975942,0.46800404225376013,0.3488897486898863,0.25156628443974693,0.16928046787962725,0.09800125139591298,0.035128526625733736,-0.021113042167960838,-0.07198972970822504,-0.11843650641810011,-0.16116339914397493,-0.20072232297822,-0.23755079998197393,-0.27200153946193417
1625.0,0.0,1b,wmc,0.7475278153041841,0.4740735838291964,0.28005471892985834,0.12956199560297543,0.006600487454870629,-0.09736198635746218,-0.18741837744446732,-0.26685374402011686,-0.33791110077135045,-0.40219029878111323,-0.46087260891945503,-0.5148551013074438,-0.5648350827317881,-0.6113653322463382,-0.6548914738187932
1625.0,0.0,1b,wmv,0.7745460365998499,0.4988673587060741,0.30327022395559955,0.15155329942454257,0.027591546061823707,-0.07721662302943333,-0.1680055886886509,-0.24808713183195197,-0.3197225132197079,-0.3845245981164065,-0.44368426658242655,-0.4981058860639038,-0.5484924356736838,-0.5954011911134836,-0.6392814013329013
1625.0,0.0,2b,wmc,0.7376124482992381,0.4615424200564246,0.2656676178144334,0.11373531764452105,-0.010402410428379971,-0.11535936401711533,-0.20627721267037114,-0.28647243867119365,-0.3582095128402836,-0.42310359004750997,-0.4823472409131848,-0.5368461167132934,-0.58730419450192,-0.634279541083097,-0.678222043155176
1625.0,0.0,2b,wmv,0.8357712780531017,0.5392567786526156,0.3288763932785465,0.16569268871492476,0.03236189387806032,-0.08036768691001273,-0.1780184914960088,-0.2641526055224257,-0.3412021960596303,-0.41090202888694893,-0.4745329908964948,-0.5330678017146595,-0.5872625716845679,-0.6377166954601163,-0.6849133762705637
1627.0,0.0,1b,wmc,0.7638160877576682,0.454211547124739,0.23454362969199538,0.06415595559056197,-0.0750609109409337,-0.19276709443685225,-0.2947288283736773,-0.384665451573863,-0.4651165024751107,-0.5378933304829303,-0.6043333690066066,-0.6654522797210403,-0.7220395525025249,-0.77472104310804,-0.8240012864393502
1627.0,0.0,1b,wmv,0.9860663936832661,0.6659613021440821,0.43884312527793984,0.2626765810021776,0.11873803373875605,-0.002960273933549473,-0.10838014312738631,-0.20136705780042807,-0.2845466874031486,-0.35979181508683733,-0.4284852346665702,-0.49167705500946024,-0.5501835423388757,-0.6046517789423325,-0.6556034115327125
1627.0,0.0,2b,wmc,0.8959871272560818,0.5937978553199845,0.3793911547560483,0.2130843975026282,0.077201882819951,-0.0376851463569885,-0.1372048177439853,-0.22498738911614624,-0.30351157499740533,-0.37454534157118435,-0.43939408968008253,-0.49904915511473225,-0.554281118857022,-0.6057008469335023,-0.6538007902440188
1627.0,0.0,2b,wmv,0.9882577049378218,0.6587997543015494,0.42504561829960363,0.2437318242306259,0.09558766766333093,-0.029666432010095667,-0.13816646833861457,-0.23387028297294155,-0.3194802624075923,-0.39692390893890095,-0.46762441897488727,-0.5326625835571448,-0.5928785186483141,-0.6489382130438648,-0.7013785549768328
1629.0,0.0,1b,wmc,0.960522320005196,0.6878234265158987,0.4943404824461945,0.34426345160973537,0.22164158895689723,0.11796628131907627,0.028158644887193107,-0.051057304532400094,-0.12191838594926607,-0.18602003132184852,-0.24454024860210422,-0.2983736300151303,-0.3482155562399252,-0.3946172794385634,-0.43802319267180834
1629.0,0.0,1b,wmv,0.8565385490864776,0.6316477885456859,0.47208525462137796,0.3483189379610583,0.24719449408058636,0.16169499503371831,0.08763196015627825,0.022303733539794646,-0.03613435650404129,-0.08899803921026384,-0.13725880038451344,-0.18165439705727038,-0.22275829943138126,-0.261025117044833,-0.2968213343088213
1629.0,0.0,2b,wmc,0.9272979511628172,0.6680312328064495,0.48407856866096893,0.34139379723499585,0.22481185030460105,0.12624321864676968,0.04085918615912054,-0.034454868051766674,-0.10182558526685259,-0.16276981215512687,-0.21840753219724718,-0.26958927319514303,-0.31697616385507854,-0.36109230362322053,-0.4023601963427277
1629.0,0.0,2b,wmv,,,,,,,,,,,,,,,
1632.0,0.0,1b,wmc,0.792455048469502,0.5741013968545112,0.4191770155258535,0.2990083295170026,0.20082336391086275,0.11780915833281824,0.0458989825822049,-0.017530287704128122,-0.07426970342664596,-0.1255967482948419,-0.17245466903278595,-0.21555977760110556,-0.25546887461083023,-0.29262335504163683,-0.32737905036144355
1632.0,0.0,1b,wmv,0.7869765735862557,0.5799923364655353,0.4331346830966172,0.3192230373999453,0.22615044597589679,0.1474586911796399,0.07929279260697886,0.019166208855176503,-0.03461885308969315,-0.08327335988235696,-0.1276914445137416,-0.1685521214340946,-0.2063831993099985,-0.2416030902104136,-0.27454909788265947
1632.0,0.0,2b,wmc,0.7260485893653823,0.5310166399676298,0.3926392696956389,0.2853054425966667,0.19760732029788633,0.12345961440039421,0.05922995002589526,0.002575370900133711,-0.04810387707307684,-0.09394883337873505,-0.13580199937185733,-0.1743031798691932,-0.2099497052693493,-0.24313582647082943,-0.27417936964384837
1632.0,0.0,2b,wmv,0.776453770505263,0.5530005870438722,0.39445803028958726,0.27148286938686705,0.1710048468281966,0.0860518892214237,0.012462290073911753,-0.05244833663319426,-0.11051287082880856,-0.16303863116592865,-0.21099089338747912,-0.25510269853385403,-0.295943850994252,-0.3339660542901992,-0.369533450141764
1634.0,0.0,1b,wmc,0.8385716063472406,0.6047711886579548,0.43888715238472004,0.3102174975644703,0.20508673469543437,0.11619994120817333,0.03920269842219981,-0.028713682993851464,-0.08946695639805013,-0.14442497720596537,-0.19459771926708602,-0.2407521678566844,-0.28348451275434705,-0.32326737408733597,-0.3604817555403206
1634.0,0.0,1b,wmv,0.9268029537920484,0.6637410912358594,0.4770957294282988,0.33232233943179335,0.2140338668721098,0.11402238835336242,0.027388505064549484,-0.04902799568407912,-0.11738488493195609,-0.17922121293777415,-0.23567335749163965,-0.2876042964148082,-0.335684836010387,-0.380446747488145,-0.4223187192992002
1634.0,0.0,2b,wmc,0.884156908364591,0.6804440958735384,0.5359075552181748,0.4237963044139928,0.3321947427271221,0.25474672585203895,0.18765820207175854,0.12848193023606957,0.0755469512675766,0.02766143806630894,-0.016054610419294013,-0.05626947668893467,-0.0935026272943773,-0.12816586122347617,-0.1605911510746576
1634.0,0.0,2b,wmv,0.8249360928482623,0.5968957010066506,0.4350984681108169,0.3095987842636766,0.2070580762692051,0.12036114297579514,0.04526084337337144,-0.020982315572406485,-0.08023884047376884,-0.13384288756547247,-0.1827795484682404,-0.22779691261851776,-0.2694764817616504,-0.30827923231538046,-0.3445767813640739
1635.0,0.0,1b,wmc,0.9461225677226176,0.6294101372334304,0.40469909168998924,0.23039966352351168,0.08798666120080223,-0.03242181660249033,-0.1367243843426389,-0.22872576928838506,-0.3110238125091165,-0.3854714483045414,-0.4534368148318262,-0.5159588912899034,-0.5738452926351185,-0.6277362429983036,-0.6781478603752673
1635.0,0.0,1b,wmv,0.9395938732093698,0.634907337550207,0.4187288001772733,0.2510476995226836,0.1140422645181105,-0.0017941802630832004,-0.10213627285482318,-0.1906442711410523,-0.2698173735094129,-0.3414381564495934,-0.406822808513986,-0.4669708577989644,-0.5226592532951797,-0.5745039091685757,-0.6230013458869197
1635.0,0.0,2b,wmc,0.900848232061055,0.6009321711367138,0.38813833945324294,0.22308262049610583,0.0882222785289015,-0.02580051593129995,-0.12457155315456925,-0.21169378239543946,-0.28962727211170636,-0.36012668900673117,-0.42448761407891045,-0.48369392582093473,-0.5385104085391119,-0.5895433330360473,-0.6372814457623812
1635.0,0.0,2b,wmv,0.8446516966169229,0.5343295447673845,0.3141524740736561,0.14336987002107546,0.0038303222241176105,-0.11414868439438242,-0.21634674846961066,-0.30649182962542065,-0.3871293525221913,-0.46007486496849137,-0.5266689003191489,-0.5879294743818848,-0.6446479069376492,-0.6974515043717295,-0.7468459710128774
1637.0,0.0,1b,wmc,0.6777704597107613,0.4703265609687721,0.32314277248936296,0.20897815674786668,0.11569887374737364,0.03683236371326237,-0.03148491473203552,-0.09174502499461545,-0.14564953047353169,-0.19441208708576374,-0.23892881347402462,-0.27988023201441914,-0.3177953235081361,-0.353093429215521,-0.3861126019534338
1637.0,0.0,1b,wmv,0.625388002648529,0.4540897022663107,0.3325516239558135,0.2382793664495535,0.16125332357359523,0.09612873226072528,0.03971524526309811,-0.010044976808623152,-0.054557012243162006,-0.0948230461955808,-0.13158305511912038,-0.16539898528988561,-0.19670764643199035,-0.2258553126253804,-0.2531211334296173
1637.0,0.0,2b,wmc,0.7015566886051785,0.497317261096729,0.35240708114032715,0.24000601317849712,0.14816765363187756,0.07051942701909886,0.003257473675475575,-0.05607177387657192,-0.10914359428635434,-0.15715289562867785,-0.2009819538329738,-0.24130077896627777,-0.2786301804457525,-0.31338302179480393,-0.34589213378937567
1637.0,0.0,2b,wmv,0.6599975412690868,0.4774287970905188,0.34789421164796963,0.24741938133504093,0.16532546746940177,0.09591605228779401,0.035790882026852544,-0.017243276709166255,-0.06468394828607615,-0.10759925588306718,-0.1467778621517153,-0.182818686203859,-0.2161872773333231,-0.2472526924646441,-0.27631244759426443
1640.0,0.0,1b,wmc,0.7624607615963002,0.5226470702021886,0.3524965483373933,0.22051755019095712,0.11268285694328162,0.021509922895341482,-0.05746766492151356,-0.12713083445082973,-0.18944666306794988,-0.24581818700241942,-0.29728135631562513,-0.34462288290451704,-0.3884542903635655,-0.42926035446206146,-0.46743187818042053
1640.0,0.0,1b,wmv,,,,,,,,,,,,,,,
1640.0,0.0,2b,wmc,0.7017320795662774,0.496011130314102,0.350049793952144,0.23683338573875268,0.14432884469996854,0.06611736966110515,-0.0016324916619894214,-0.06139210455220678,-0.11484889987538072,-0.16320645338775508,-0.20735344091416485,-0.2479647326727683,-0.28556491595302824,-0.32056984912755615,-0.3533147772761229
1640.0,0.0,2b,wmv,0.691518226053345,0.4469478470595283,0.27342240163331066,0.13882560939740785,0.028852022639493935,-0.0641293201039359,-0.14467342278672368,-0.2157183563543228,-0.2792702150226265,-0.3367598641455154,-0.3892438017805404,-0.43752434419946007,-0.48222514452397025,-0.5238405940164432,-0.562769247206758
2003.0,0.0,1b,wmc,0.942685695520572,0.6894872923159702,0.5098401662901468,0.37049502968448383,0.25664176308554465,0.1603801977753343,0.07699463705972143,0.003443359880942909,-0.06235049954594163,-0.12186828505453051,-0.17620376614488076,-0.22618756343306967,-0.2724653314550911,-0.3155489027505436,-0.355850892170704
2003.0,0.0,1b,wmv,0.9511168405891255,0.7332504222771349,0.5786717384784781,0.4587711963058683,0.3608053201664874,0.2779763520932,0.20622663636783073,0.14293890185449687,0.08632609419522086,0.035113580251602494,-0.011639781944160044,-0.054648705977581535,-0.09446875001744748,-0.13154032411676986,-0.16621846574281673
2003.0,0.0,2b,wmc,1.031891433871904,0.7717556839655154,0.5871864321227542,0.44402339812276953,0.32705068221636546,0.22815166009694282,0.1424814303736046,0.0669149323099767,-0.0006816036263803671,-0.06183010839610947,-0.11765431953278416,-0.16900761570750378,-0.21655334165220697,-0.26081735353276914,-0.30222357137554523
2003.0,0.0,2b,wmv,0.9765119001943264,0.7270043602682632,0.549975943413397,0.412662035445954,0.30046840348733334,0.20561003927176388,0.12343998663246736,0.05096086356126972,-0.01387392133497567,-0.07252411839840334,-0.1260675532935962,-0.17532273871220805,-0.2209259175091658,-0.26338146126103923,-0.30309597014846235
2004.0,0.0,1b,wmc,0.7720193255899166,0.5940654004329444,0.4678050811937611,0.3698699690577084,0.2898511560367891,0.22219621362049025,0.16359083679760575,0.1118972308798171,0.065655724661553,0.023825194082157667,-0.014363088359366172,-0.049492902801742567,-0.08201803077566527,-0.11229820049541894,-0.14062340759854952
2004.0,0.0,1b,wmv,,,,,,,,,,,,,,,
2004.0,0.0,2b,wmc,0.9174923429578169,0.6978017852146138,0.5419288538925124,0.42102441534846824,0.3222382961493093,0.2387158224505117,0.16636536482720812,0.1025477384061062,0.04546092628316379,-0.006180376855135616,-0.05332519291599502,-0.09669421959777891,-0.13684766661479264,-0.17422963146003934,-0.20919812423809647
2004.0,0.0,2b,wmv,0.8287587891308673,0.5914959640558868,0.423155310647243,0.2925801555393225,0.18589248557226234,0.09568934588980338,0.017551832163618553,-0.051370339502718076,-0.11302332294430184,-0.16879523048103118,-0.21971099291136187,-0.26654895398249767,-0.30991413259382106,-0.3502861480192825,-0.38805164632000566
2006.0,0.0,1b,wmc,0.969715088937317,0.697033529191745,0.5035628836089354,0.353495392220027,0.23088132386336357,0.12721260620905972,0.03741067828055389,-0.04180023588220849,-0.11265681310835451,-0.17675438394481024,-0.23527088146501796,-0.28910084103050626,-0.3389395991193218,-0.38533837285392636,-0.42874152704782764
2006.0,0.0,1b,wmv,0.9464444476222824,0.6984791596389749,0.5225449879516031,0.38607984247603894,0.27457969996829573,0.18030767272892123,0.09864552828092377,0.026614411984988262,-0.03781961719464033,-0.09610728661505208,-0.14931975970238365,-0.19827048977096817,-0.2435917869417581,-0.28578490517794775,-0.32525393138975556
2006.0,0.0,2b,wmc,0.983042259889743,0.7043978798951511,0.5066965460173628,0.35334747784266685,0.22805216602277098,0.12211648932145347,0.030350832144982604,-0.05059221397182112,-0.12299823602971349,-0.18849745021034403,-0.24829354784960933,-0.3033006254175048,-0.35422922455092687,-0.4016426160243054,-0.44599488172739776
2006.0,0.0,2b,wmv,0.9150239054663725,0.6353861301159438,0.43697997101641334,0.2830841979264789,0.15734219566598484,0.05102884757845616,-0.0410639634335459,-0.12229557968444382,-0.1949597365234803,-0.2606924620176325,-0.32070173878397434,-0.37590492213873405,-0.427015086871503,-0.474597511873909,-0.5191078978835049
2007.0,0.0,1b,wmc,0.7515160132216272,0.5310676556063514,0.37465705671842986,0.25333557081011615,0.1542086991031542,0.07039812326408112,-0.0022018997847674804,-0.06623965851212166,-0.12352338569308108,-0.17534282016899416,-0.22265025740004307,-0.266168881056813,-0.3064608332391163,-0.3439717433083569,-0.3790608562879647
2007.0,0.0,1b,wmv,0.8112087992164174,0.5802623052519944,0.4164031600862056,0.28930413283022904,0.1854566661217824,0.0976548840783309,0.02159752095599382,-0.04548982784264055,-0.10550150629998267,-0.15978867287673193,-0.20934897300842925,-0.25494002963688533,-0.2971507550518808,-0.3364480002644057,-0.37320811817421795
2007.0,0.0,2b,wmc,0.5379288480836815,0.3493806637142164,0.21560359794026496,0.11183804422750235,0.02705541357079977,-0.04462727926647092,-0.10672165220315166,-0.16149277079866542,-0.2104872059159143,-0.25480806360421326,-0.29526983657261685,-0.33249105956336333,-0.36695252940988754,-0.3990353902853795,-0.4290469023465683
2007.0,0.0,2b,wmv,0.9071933473398935,0.6535417510264192,0.4735730793726882,0.33397853260145816,0.21992148305921394,0.12348762172542771,0.039952811405482735,-0.03373011325426023,-0.09964173536574705,-0.1592660501806289,-0.21369878490799143,-0.2637720468697313,-0.3101326462417775,-0.3532933316792213,-0.3936674565617224
2901.0,0.0,1b,wmc,0.5469495794218497,0.29386122289765193,0.11429217623415078,-0.02499239731297842,-0.13879618029004703,-0.2350159077940992,-0.3183652269535482,-0.39188453681424495,-0.4576498005006775,-0.5171417180154825,-0.5714535834777461,-0.621415656493997,-0.6676733109817983,-0.7107381570248754,-0.751022630141247
2901.0,0.0,1b,wmv,0.5399528981631019,0.29733847564029425,0.12520080341564943,-0.008319548296940815,-0.1174136191071583,-0.2096513417124083,-0.28955129133180313,-0.36002804162996604,-0.4230716430443934,-0.480101517554835,-0.5321657138546109,-0.5800601316751366,-0.6244034364598606,-0.6656860655672011,-0.7043033860792557
2901.0,0.0,2b,wmc,0.6083828229643824,0.3366340362571638,0.14382520367733423,-0.005728945665153917,-0.12792358302988438,-0.23123767683342678,-0.320732415609714,-0.39967236973710296,-0.4702865649522021,-0.5341648745890519,-0.5924812023169326,-0.6461270235234309,-0.695795296120475,-0.7420353516594207,-0.7852900348967624
2901.0,0.0,2b,wmv,0.7188049605498961,0.475311237424449,0.30254969149373934,0.16854542573966436,0.05905596836829208,-0.033516048811161214,-0.11370557756241739,-0.18443775475715496,-0.24770984331649237,-0.3049464095911911,-0.35719930068786465,-0.4052673008948564,-0.44977131786731794,-0.4912035664419394,-0.5299608466185741
3001.0,1.0,1b,wmc,,,,,,,,,,,,,,,
3001.0,1.0,1b,wmv,0.17548659754910279,0.12937463499903817,0.09665767690339189,0.07128043265789111,0.05054571435332721,0.0330147598195889,0.017828756257680933,0.004433751803262608,-0.0075484879878198186,-0.018387742350009062,-0.028283206292383678,-0.03738615070076734,-0.045814160826122,-0.053660450537884485,-0.06100016438802991
3001.0,1.0,2b,wmc,,,,,,,,,,,,,,,
3001.0,1.0,2b,wmv,0.0938086027110725,0.05135157240729493,0.021227830009513858,-0.002137959871751527,-0.021229200294263617,-0.037370614077833625,-0.05135294269204471,-0.06368623059804118,-0.07471873257331013,-0.08469884457626753,-0.09380997299582228,-0.10219139866558707,-0.1099513867793922,-0.11717576287708764,-0.12393371539360332
3003.0,1.0,1b,wmc,0.2884730572276294,0.16858196632142963,0.08351788359103719,0.017537055004900493,-0.036373207315162526,-0.0819536846456364,-0.12143729004555509,-0.1562642982213624,-0.18741811863169172,-0.21560017721750296,-0.24132838095175485,-0.26499603409912825,-0.2869088582822286,-0.3073092095378915,-0.3263924636821473
3003.0,1.0,1b,wmv,0.28360517444929484,0.1463257881540438,0.048924513507765055,-0.026625784576048694,-0.088354872787486,-0.1405460732151107,-0.18575614743376478,-0.22563425908273693,-0.2613064455175784,-0.29357586335300256,-0.3230355337290157,-0.35013580343681505,-0.37522673415664054,-0.39858583181282947,-0.4204368083752945
3003.0,1.0,2b,wmc,0.3786482379494689,0.2451282863462062,0.15039437306299164,0.07691304118941056,0.01687442145972906,-0.03388750823177711,-0.07785949182348562,-0.11664553014353363,-0.15134082369706658,-0.18272653442849873,-0.2113794434267482,-0.2377375646091846,-0.26214137311825425,-0.28486077530032916,-0.30611335670996276
3003.0,1.0,2b,wmv,0.24575911016590557,0.1270296079624163,0.04278968553250323,-0.022551874660112103,-0.07593981667098604,-0.121078678472474,-0.1601797391008991,-0.19466931887447536,-0.2255212992935144,-0.253430310394104,-0.27890924130438843,-0.30234758568237907,-0.3240481031058764,-0.3442508014970036,-0.3631491637343014
3004.0,1.0,1b,wmc,0.3820079694100243,0.1582926822240961,-0.00043584008225350246,-0.1235552470735678,-0.22415112726818165,-0.3092037320863047,-0.38287964957453113,-0.4478664144541099,-0.5059990565658455,-0.5585864280073826,-0.6065949367604594,-0.6507584837001078,-0.6916475415785824,-0.7297143437517738,-0.7653234590668089
3004.0,1.0,1b,wmv,-0.014695094011354548,-0.25217807932062436,-0.4206749389014029,-0.551371256929523,-0.6581579242106725,-0.748444764929566,-0.8266547837914511,-0.8956409095199422,-0.9573511018195713,-1.013174761063405,-1.064137769100721,-1.111019191917201,-1.1544246098196143,-1.194834087128841,-1.2326346286814995
3004.0,1.0,2b,wmc,-0.025552023247079003,-0.2507526277326645,-0.41053499943436045,-0.5344718355223986,-0.6357356039199458,-0.7213529001675475,-0.7955179756216418,-0.8609362084055313,-0.91945481170968,-0.9723913275191686,-1.0207185801072272,-1.0651753429513797,-1.1063358763548288,-1.1446554161952656,-1.1805009518089231
3004.0,1.0,2b,wmv,-0.06059316300666645,-0.28360549255151046,-0.4418352584741688,-0.5645677999588878,-0.6648475880190129,-0.7496329407454121,-0.8230773539416714,-0.8878599175638568,-0.9458098954263903,-0.9982320269549809,-1.0460896834865152,-1.090114459834448,-1.1308750362129143,-1.1688222249712343,-1.2043194494091738
3005.0,1.0,1b,wmc,0.31169752401532896,0.13910724062460128,0.016652485781332604,-0.07833080128330694,-0.15593779760939508,-0.22155357806555842,-0.2783925524526638,-0.32852808100012276,-0.37337583951730324,-0.41394557193941195,-0.4509828358433915,-0.48505381587221186,-0.5165986162995547,-0.5459661229080309,-0.5734375906866601
3005.0,1.0,1b,wmv,0.19839816973942537,0.10514134517931806,0.03897457515834024,-0.012348358925243719,-0.05428224940176707,-0.08973684861881481,-0.12044901942274483,-0.14753907396187438,-0.1717719535063288,-0.19369325953010896,-0.2137058439828522,-0.2321156370761599,-0.24916044319989994,-0.2650287780664361,-0.2798726140038299
3005.0,1.0,2b,wmc,0.24914581455581536,0.09857739776030389,-0.00825259407702339,-0.09111637339523204,-0.15882101087253486,-0.2160644662165404,-0.2656510027098622,-0.3093894276680462,-0.34851478202807085,-0.38390797022271184,-0.41621941950537367,-0.4459430715026135,-0.4734628748493791,-0.4990831988235822,-0.5230494113427011
3005.0,1.0,2b,wmv,0.13770854462824406,0.0620726648996828,0.008408154200967966,-0.03321727415747716,-0.06722772552759326,-0.09598315243446326,-0.12089223622630807,-0.1428636052561546,-0.16251766458475325,-0.18029692389074609,-0.19652811595486935,-0.21145936525272258,-0.2252835428617394,-0.23815354431331448,-0.2501926266535842
3006.0,1.0,1b,wmc,0.4239421439848467,0.21108820105844606,0.06006592514348674,-0.057076052762929264,-0.15278801778291384,-0.23371133115779508,-0.30381029369787316,-0.36564196070931454,-0.42095227160428916,-0.47098653390377876,-0.5166642366242739,-0.5586836498613618,-0.5975875499991551,-0.6338062145306899,-0.6676865125392332
3006.0,1.0,1b,wmv,0.39922812873167096,0.19760875971492775,0.05455754084239274,-0.056401604880509715,-0.14706182817435054,-0.2237139547785041,-0.29011304704688556,-0.3486811971910937,-0.401072192769788,-0.4484656131375253,-0.4917324160636287,-0.5315340164795761,-0.5683845426677823,-0.6026915617865312,-0.6347836349361637
3006.0,1.0,2b,wmc,0.34858460774022265,0.12093035126898033,-0.04059291422158606,-0.16588009243973567,-0.26824717069282844,-0.3547973021316335,-0.4297704361833947,-0.4959014271640707,-0.5550576144015444,-0.6085708950355608,-0.657424692654637,-0.7023658299731728,-0.7439748240934423,-0.7827118708727867,-0.8189479581452035
3006.0,1.0,2b,wmv,0.4021864479906791,0.17891522945188176,0.020501778864806863,-0.10237323951459842,-0.20276943967399041,-0.28765321742789407,-0.3611828902610652,-0.4260406582127876,-0.4840579086404706,-0.536540895606606,-0.5844541087998625,-0.6285299923223673,-0.6693378865537662,-0.7073291271792679,-0.7428675593869376
3007.0,1.0,1b,wmc,0.39292289615549075,0.16478718022702765,0.0029223138152352224,-0.1226298306625252,-0.22521340211322793,-0.31194657594250197,-0.3870782685250205,-0.4533491180416911,-0.5126304130027808,-0.5662568673390926,-0.6152139844534834,-0.6602501664942908,-0.7019471582827577,-0.7407661289312439,-0.777078850865276
3007.0,1.0,1b,wmv,0.30386609874034437,0.04859835848780525,-0.13251698553914149,-0.2730009605023077,-0.38778472579168055,-0.48483301653486277,-0.5689000698186274,-0.6430524660442197,-0.7093840447817935,-0.7693882565750877,-0.8241678100711666,-0.8745601143728908,-0.9212161008143486,-0.9646517850343327,-1.0052831540981133
3007.0,1.0,2b,wmc,0.4149086473507775,0.15666203808607726,-0.026566847140454874,-0.1686902120214735,-0.284813456405155,-0.3829942605857659,-0.468042341631687,-0.5430600656698552,-0.6101657065127057,-0.6708701426544952,-0.7262889508963872,-0.7772693125593251,-0.8244697550769982,-0.868412315777406,-0.9095178361229195
3007.0,1.0,2b,wmv,0.28896818081568226,0.04762584523291902,-0.1236092669441834,-0.2564295386950072,-0.3649516025269466,-0.456705700123075,-0.5361867147040491,-0.6062939381097099,-0.6690069864548729,-0.7257378393416092,-0.7775290502868122,-0.8251723459243405,-0.8692831478829406,-0.910349322037636,-0.9487641624639147
3008.0,1.0,1b,wmc,0.41663376481277786,0.2687008303466973,0.1637407429802583,0.08232737425140724,0.01580780851417785,-0.04043368295024741,-0.08915227885226118,-0.13212512595190273,-0.17056564758111226,-0.20533932921485287,-0.23708521331834165,-0.26628859578448005,-0.2933267047827669,-0.3184985820471927,-0.3420453006847807
3008.0,1.0,1b,wmv,,,,,,,,,,,,,,,
3008.0,1.0,2b,wmc,,,,,,,,,,,,,,,
3008.0,1.0,2b,wmv,0.3672459917901312,0.22313101867506033,0.12087981799710619,0.04156762502322883,-0.0232351551179647,-0.07802512504319159,-0.1254863557959187,-0.16735012823303552,-0.20479854876979608,-0.23867476579912583,-0.26960132891098954,-0.29805100912700444,-0.32439129883621654,-0.3489135218848669,-0.37185252958894366
3009.0,1.0,1b,wmc,,,,,,,,,,,,,,,
3009.0,1.0,1b,wmv,,,,,,,,,,,,,,,
3009.0,1.0,2b,wmc,,,,,,,,,,,,,,,
3009.0,1.0,2b,wmv,,,,,,,,,,,,,,,
3010.0,1.0,1b,wmc,0.14810618822514096,0.008612731579076549,-0.09035945098095077,-0.16712823990666498,-0.2298529076270152,-0.2828858585356017,-0.3288250901870425,-0.3693463642730796,-0.40559387911275674,-0.438383744796875,-0.46831854683310686,-0.4958558952988928,-0.5213514977416935,-0.5450873357588211,-0.5672907293931342
3010.0,1.0,1b,wmv,0.2464310714018205,0.08810258170291835,-0.02423326948107518,-0.11136772509544934,-0.1825617591799773,-0.24275545731835824,-0.2948976103639708,-0.3408902488788794,-0.38203206597834505,-0.4192493666031968,-0.4532261000628729,-0.48448166500283063,-0.5134197982012539,-0.5403605556772472,-0.5655619512468665
3010.0,1.0,2b,wmc,0.2164394136586284,0.030234713135560143,-0.10187962438827292,-0.20435546587308973,-0.28808432491134117,-0.3588760665400804,-0.42019866243517434,-0.47428902543440954,-0.522674503919991,-0.5664444933281295,-0.6064033629582425,-0.6431619597236894,-0.6771951045869818,-0.7088792044430593,-0.7385177004820757
3010.0,1.0,2b,wmv,0.2195444934865552,0.06719054327007068,-0.04090630469052248,-0.1247527339595621,-0.19326025490700705,-0.25118253855261785,-0.3013571028676002,-0.3456142051234915,-0.3852035321366397,-0.421016434649471,-0.45371105308408466,-0.48378718653237496,-0.5116333367296955,-0.5375574823531243,-0.5618079010446778
3011.0,1.0,1b,wmc,0.6512999181508481,0.48948905238198936,0.37468241605562946,0.2856314705936148,0.21287155028677085,0.15135391421177524,0.09806491396041093,0.051060684517912125,0.009013968498396308,-0.029021912770601288,-0.06374595180844767,-0.09568897124005693,-0.12526358788344327,-0.15279689727046242,-0.17855258813480768
3011.0,1.0,1b,wmv,,,,,,,,,,,,,,,
3011.0,1.0,2b,wmc,0.6286533346174292,0.4747004726956879,0.365469178826341,0.2807428049479772,0.21151631690459963,0.1529861552408307,0.10228502303525276,0.05756345498285842,0.017558649156888984,-0.018630099659537436,-0.051667838886488515,-0.08205961286625829,-0.11019800055025764,-0.1363942127648523,-0.16089913275583534
3011.0,1.0,2b,wmv,0.3404487597538929,0.20951876506921124,0.11662245546384364,0.04456647973806904,-0.01430753922083805,-0.06408481299069069,-0.1072038488262056,-0.14523753390551963,-0.1792598245519802,-0.21003673009978718,-0.2381338435108873,-0.26398068231568994,-0.2879111172807398,-0.3101898192366618,-0.33103015311625483
3012.0,1.0,1b,wmc,0.25393785676206326,0.02285175224075453,-0.1411064481915365,-0.26828230868135117,-0.37219255271284535,-0.46004741222665047,-0.5361507531451364,-0.6032786572341542,-0.6633266136349509,-0.7176465976034148,-0.767236857666445,-0.8128554747600796,-0.8550917171802503,-0.8944127181562598,-0.931195058098736
3012.0,1.0,1b,wmv,0.019026310335939656,-0.17938616363063054,-0.32016205425488864,-0.4293563182755741,-0.5185745282214588,-0.594007449911963,-0.6593504188457169,-0.716987002188029,-0.7685446828664023,-0.815184278212619,-0.857762892812287,-0.8969314213364546,-0.9331958145027913,-0.9669571568329726,-0.9985387834365452
3012.0,1.0,2b,wmc,0.17087483481844412,-0.04208863465051205,-0.19318862088411726,-0.31039087559655254,-0.40615209035307354,-0.4871170437868808,-0.5572520765866789,-0.6191155598220297,-0.674454331299114,-0.7245143393267945,-0.770215546055635,-0.8122565808844529,-0.8511804994894423,-0.8874178007680702,-0.9213155322892401
3012.0,1.0,2b,wmv,0.07826278437879552,-0.1555537202995172,-0.3214491704731103,-0.45012767860228764,-0.555265675151423,-0.6441585846280632,-0.721161125325016,-0.7890821798297355,-0.8498396334541934,-0.9048014357313053,-0.9549776300033287,-1.0011352543191099,-1.0438705394799688,-1.0836561381325063,-1.1208730801769216
3013.0,1.0,1b,wmc,0.22533368321829073,0.01244669606222848,-0.13859902510678979,-0.25575918856508095,-0.35148601226285203,-0.432421888470798,-0.5025317334318702,-0.5643729994189142,-0.6196918968901615,-0.6697339266927174,-0.7154187205879323,-0.7574446570734139,-0.7963545967958783,-0.8325788840462236,-0.8664644417569507
3013.0,1.0,1b,wmv,,,,,,,,,,,,,,,
3013.0,1.0,2b,wmc,0.11431850971517693,-0.05181792434255106,-0.16969360021137542,-0.26112507768497056,-0.33583003426910346,-0.3989921750845428,-0.45370571013792776,-0.5019664683268314,-0.545137187611523,-0.5841898535140777,-0.6198421441956556,-0.6526390723635389,-0.6830042850110951,-0.7112736216692508,-0.7377178200644801
3013.0,1.0,2b,wmv,-0.0542197680461636,-0.1896149807279116,-0.2856794129205435,-0.3601927754382581,-0.4210746256022915,-0.47254949646757927,-0.5171390577949234,-0.5564698382840395,-0.591652420312638,-0.6234789370887738,-0.6525342704766715,-0.6792625862117714,-0.7040091413419591,-0.7270476329943859,-0.7485987026693033
3014.0,1.0,1b,wmc,0.3528701431867032,0.15635438617775022,0.01692423765141926,-0.09122618770276447,-0.1795915193575337,-0.25430334272759103,-0.31902166788386466,-0.37610727636648655,-0.4271720932380483,-0.4733658390385125,-0.5155374248928175,-0.5543315232676529,-0.590249248262875,-0.6236878502470011,-0.6549675734191485
3014.0,1.0,1b,wmv,0.4943958335810652,0.2845334276803414,0.13563368106359575,0.020138064785957477,-0.07422872483712806,-0.15401470861936395,-0.2231284714538737,-0.28409113073785175,-0.33862408773151187,-0.38795514789077545,-0.4329908773545974,-0.47441973244290137,-0.5127768611368333,-0.5484864936322356,-0.5818906239713431
3014.0,1.0,2b,wmc,0.32619698278676157,0.11704432825786316,-0.03135184174652028,-0.14645685365773542,-0.2405044962754187,-0.320020645109376,-0.38890066627980213,-0.4496571508043171,-0.5040056781910173,-0.5531699014769907,-0.5980533208087006,-0.6393420641575728,-0.6775694696426579,-0.7131583327199157,-0.746449490813084
3014.0,1.0,2b,wmv,0.35713521362333206,0.13625797742027146,-0.020456915668302433,-0.142014430495621,-0.2413341518713631,-0.3253077797821149,-0.398049044959937,-0.46221138807442363,-0.5196065597872555,-0.5715268081050962,-0.6189262811629976,-0.6625295695732643,-0.7028999090737493,-0.7404837959903161,-0.7756411742515714
3015.0,1.0,1b,wmc,0.4977526657634922,0.3250998993407118,0.2026008120806838,0.10758313812210386,0.029948045657903544,-0.03569148974455716,-0.09255104160212446,-0.14270472076487684,-0.18756871556070442,-0.22815313548341587,-0.2652038080249046,-0.2992871228045315,-0.33084334342736543,-0.3602214819834848,-0.3877028952849326
3015.0,1.0,1b,wmv,0.32518569929109886,0.19752732097899028,0.10695226013093362,0.0366967848213845,-0.02070611818117496,-0.06923958113258455,-0.11128117902923162,-0.14836449649328354,-0.18153665433878075,-0.21154452122337042,-0.2389395573413402,-0.264140547643539,-0.2874730202927498,-0.3091950326508893,-0.32951461818939687
3015.0,1.0,2b,wmc,0.41171276419892566,0.2625285982520843,0.15668074802195117,0.07457877691881487,0.007496582075109837,-0.04922060552080365,-0.09835126815502326,-0.14168758387173142,-0.1804532392581596,-0.21552104015154405,-0.24753543410186463,-0.2769858216829777,-0.304252621697778,-0.32963740520500096,-0.3533832843319977
3015.0,1.0,2b,wmv,0.4862731467931107,0.33038830712133105,0.21978625322369205,0.13399663526443772,0.06390141355191226,0.004636748036580984,-0.04670064034572663,-0.09198342611986743,-0.13249025830498085,-0.16913314520394973,-0.20258548001750631,-0.2333586449657854,-0.2618501455328376,-0.28837509797676064,-0.3131875339151452
3016.0,1.0,1b,wmc,,,,,,,,,,,,,,,
3016.0,1.0,1b,wmv,,,,,,,,,,,,,,,
3016.0,1.0,2b,wmc,,,,,,,,,,,,,,,
3016.0,1.0,2b,wmv,,,,,,,,,,,,,,,
3017.0,1.0,1b,wmc,0.12743083222727192,-0.06547405233337245,-0.2023422460859985,-0.3085054649325305,-0.39524713064664274,-0.468586164024305,-0.5321153243992689,-0.5881520152072872,-0.6382785432458009,-0.6836235035517388,-0.7250202089599131,-0.7631014864235361,-0.7983592423375754,-0.8311834278064452,-0.8618884027125393
3017.0,1.0,1b,wmv,0.12549265967111417,-0.039920667706460244,-0.15728329122086399,-0.24831681437148084,-0.3226966185984384,-0.3855838470130219,-0.44005924211284214,-0.4881099459760128,-0.5310927652634589,-0.5699754549428446,-0.6054725694904166,-0.6381267494526985,-0.668359797905,-0.6965060926410334,-0.7228351930048202
3017.0,1.0,2b,wmc,0.046813010805482225,-0.1498064824627795,-0.28931023303641235,-0.39751774857379385,-0.485929726304674,-0.5606809883701342,-0.6254334768783071,-0.6825492195729355,-0.7336409924156884,-0.7798591228582076,-0.8220529701465685,-0.8608675470555932,-0.8968042322120288,-0.9302604856839501,-0.9615567207202017
3017.0,1.0,2b,wmv,0.16087716777675448,-0.049377195249062034,-0.1985550398717867,-0.31426636572124034,-0.40880940289760315,-0.48874440186286716,-0.5579872475203277,-0.6190637659234196,-0.6736985733697815,-0.7231217684706742,-0.7682416105461443,-0.8097478417365024,-0.8481766095114084,-0.8839529363955979,-0.9174194551688689
3018.0,1.0,1b,wmc,0.3827543691745047,0.19926910924049146,0.06908424552075243,-0.03189497981018352,-0.11440101441326078,-0.18415887271352183,-0.24458587813299992,-0.2978862743472741,-0.34556510346393576,-0.38869585076140445,-0.428071138067013,-0.4642928911343156,-0.4978289963672742,-0.5290503633979491,-0.5582560017867522
3018.0,1.0,1b,wmv,0.18449111021299186,0.04359199284642434,-0.05637752186660916,-0.13391990171012008,-0.19727663923317668,-0.2508439975453571,-0.29724615394621007,-0.33817575659974414,-0.37478853378972105,-0.40790881946149277,-0.43814527131277764,-0.4659601107090762,-0.49171262962495804,-0.5156876511562885,-0.5381147860258111
3018.0,1.0,2b,wmc,0.37131079483565704,0.20567909698083725,0.08816153714713004,-0.0029921639493082353,-0.07747016070768975,-0.1404404097246592,-0.194987720541397,-0.24310185856250954,-0.2861414216378353,-0.3250754423171861,-0.3606194183962167,-0.3933167067886084,-0.42358966741318616,-0.4517731194926552,-0.47813697822992396
3018.0,1.0,2b,wmv,0.34951108994662566,0.18455397666665146,0.06751504220576876,-0.023267408209210916,-0.09744207107420544,-0.16015585493860318,-0.2144810055350881,-0.26239918435417964,-0.3052634559500679,-0.3440389061979905,-0.3794381188150624,-0.41200223773159594,-0.44215190267946003,-0.4702205692300421,-0.49647705327594505
3020.0,1.0,1b,wmc,,,,,,,,,,,,,,,
3020.0,1.0,1b,wmv,,,,,,,,,,,,,,,
3020.0,1.0,2b,wmc,,,,,,,,,,,,,,,
3020.0,1.0,2b,wmv,0.37458030173506385,0.2294910237266935,0.12654854272572447,0.046700151076286445,-0.01854073528264588,-0.07370111873707119,-0.12148321628361491,-0.16363001329101623,-0.20133160793305294,-0.23543684879873172,-0.26657249429198526,-0.2952145116541559,-0.3217328777464106,-0.3464208859414233,-0.3695149752929543
3021.0,1.0,1b,wmc,,,,,,,,,,,,,,,
3021.0,1.0,1b,wmv,,,,,,,,,,,,,,,
3021.0,1.0,2b,wmc,,,,,,,,,,,,,,,
3021.0,1.0,2b,wmv,,,,,,,,,,,,,,,
3024.0,1.0,1b,wmc,0.4547450122181403,0.27003707415048706,0.13898470648924188,0.03733259282488655,-0.045723231578411294,-0.11594593053139812,-0.17677559923965647,-0.23043116964606458,-0.2784277129040118,-0.3218458676020921,-0.36148353730730975,-0.39794665878455104,-0.4317062362602966,-0.4631356509716651,-0.4925359049685547
3024.0,1.0,1b,wmv,0.05418790956301811,-0.13156047856740072,-0.2633510572962653,-0.36557577194977575,-0.4490994454266841,-0.5197177051351942,-0.5808900241555487,-0.634847833557103,-0.6831147388090592,-0.7267774656801244,-0.7666384122859674,-0.803306928601279,-0.8372566719944777,-0.8688631269394779,-0.8984289910148321
3024.0,1.0,2b,wmc,0.44668913226559365,0.2710611195669666,0.14645106147967413,0.049795991338906,-0.029176951218952918,-0.0959476227584174,-0.15378700930624545,-0.20480496391757996,-0.2504420794470136,-0.29172587214395984,-0.3294150220048725,-0.36408567898276034,-0.39618569354433697,-0.4260700921456405,-0.4540250800921649
3024.0,1.0,2b,wmv,-0.006853890989793998,-0.19054566791772992,-0.3208770577765131,-0.4219699376106581,-0.504568834704449,-0.5744052071218868,-0.6349002245632323,-0.688260611632385,-0.7359931043973773,-0.7791723963696646,-0.8185920014911683,-0.8548545229970952,-0.8884283739086061,-0.9196848813253133,-0.9489233913499515
3026.0,1.0,1b,wmc,0.6767106068596538,0.40460906044344436,0.21154994086695167,0.06180165384738445,-0.06055160554925765,-0.1639998123698494,-0.2536107251257502,-0.3326531519654672,-0.40335901214531744,-0.4673202428291805,-0.5257122715419595,-0.579427730904001,-0.6291604783625513,-0.6754605585615268,-0.7187713911184521
3026.0,1.0,1b,wmv,0.326775484144783,0.13527200959209118,-0.0006018679360797474,-0.10599383520074113,-0.19210534248877154,-0.2649115845087494,-0.32797922001694246,-0.38360881704146343,-0.43337118728160384,-0.4783867267886456,-0.5194826945696344,-0.5572873202342389,-0.5922889365896121,-0.6248746618342956,-0.6553565720978051
3026.0,1.0,2b,wmc,0.637358994768674,0.3762540049244991,0.19099706640185002,0.04730062117246914,-0.07010792344232497,-0.169375433484229,-0.255364861964974,-0.3312129132864998,-0.39906130719435495,-0.4604376452126093,-0.5164698518091491,-0.5680144852591467,-0.6157373618510531,-0.66016629703853,-0.7017267903317981
3026.0,1.0,2b,wmv,0.5146184873586088,0.2892289663647566,0.1293125562673226,0.005271751922303447,-0.09607696472652971,-0.18176608369721536,-0.25599337482396367,-0.32146648572038206,-0.38003417916898286,-0.43301510241578434,-0.481382895817816,-0.5258769525956354,-0.5670720147885019,-0.6054237001628352,-0.6412993059152502
3027.0,1.0,1b,wmc,,,,,,,,,,,,,,,
3027.0,1.0,1b,wmv,0.30349525406420574,0.10180963002644672,-0.04128859753160763,-0.15228420602377502,-0.24297422156936666,-0.31965153716346617,-0.3860724491274211,-0.4446598456071257,-0.4970680576195884,-0.5444770521460874,-0.58775807316518,-0.6275727529587928,-0.6644353887592797,-0.6987536816573473,-0.7308563007232346
3027.0,1.0,2b,wmc,0.4278829940492629,0.20095048754891953,0.039939311812238316,-0.08495065873391527,-0.18699319468810505,-0.27326892952297455,-0.34800437042478627,-0.4139257011884486,-0.47289434097093974,-0.5262379642950555,-0.5749368769251296,-0.619735533865505,-0.6612126117599991,-0.6998268474712831,-0.7359480526618106
3027.0,1.0,2b,wmv,0.3793065928855259,0.1540670513520942,-0.00574294662470054,-0.12970121131648382,-0.23098248815813216,-0.3166145875842957,-0.3907924861349269,-0.4562220296915639,-0.5147507508267103,-0.5676964193276562,-0.6160320276683587,-0.6604964770598273,-0.7016641270945222,-0.7399902923601419,-0.7758420256451534
3028.0,1.0,1b,wmc,,,,,,,,,,,,,,,
3028.0,1.0,1b,wmv,,,,,,,,,,,,,,,
3028.0,1.0,2b,wmc,,,,,,,,,,,,,,,
3028.0,1.0,2b,wmv,,,,,,,,,,,,,,,
3029.0,1.0,1b,wmc,,,,,,,,,,,,,,,
3029.0,1.0,1b,wmv,,,,,,,,,,,,,,,
3029.0,1.0,2b,wmc,-0.0159301750307963,-0.13678868737708028,-0.222539166542708,-0.28905240556673695,-0.343397678888992,-0.38934595278120765,-0.4291481580546197,-0.46425619123527595,-0.49566139707864865,-0.5240708614499568,-0.5500066704009037,-0.5738653018346385,-0.5959549442931193,-0.6165199094249326,-0.6357571495665314
3029.0,1.0,2b,wmv,0.10676697228007848,-0.04076135530522684,-0.14543436952119732,-0.22662506701531865,-0.29296269710650275,-0.3490503641739896,-0.3976357113224733,-0.4404910246918082,-0.4788264088165945,-0.5135049820087316,-0.5451640389077785,-0.5742875480885641,-0.6012517059752656,-0.6263547364018998,-0.6498370531237492
3030.0,1.0,1b,wmc,0.1442222491596552,-0.04371025857220667,-0.17705049481995727,-0.28047721722854924,-0.36498300255181926,-0.43643162599484997,-0.49832323879956986,-0.5529155102836811,-0.6017499612081618,-0.6459260955901693,-0.6862557465314318,-0.7233554290390649,-0.7577043699744626,-0.7896824689400237,-0.8195959827791823
3030.0,1.0,1b,wmv,-0.04203232612481833,-0.20552356663327453,-0.3215224478110806,-0.411498170225376,-0.4850136883195368,-0.5471701732209631,-0.6010125694973429,-0.6485049288279929,-0.6909882919116384,-0.7294191684967974,-0.764503810005799,-0.7967785515544878,-0.8266602949072255,-0.8544795324200947,-0.8805026911836051
3030.0,1.0,2b,wmc,,,,,,,,,,,,,,,
3030.0,1.0,2b,wmv,0.15896549861856235,-0.05889103155293307,-0.2134626996042579,-0.33335779994046344,-0.4313192297757533,-0.5141444385524969,-0.5858908978270783,-0.6491757599472487,-0.7057859981632837,-0.7569961877627607,-0.8037474279985737,-0.8467544000180653,-0.8865726367753173,-0.9236425283347791,-0.9583190960498984
3031.0,1.0,1b,wmc,0.5553803261555965,0.36914894552723065,0.2370156781674343,0.1345251535611195,0.050784297539068324,-0.02001758739494497,-0.08134896982072792,-0.13544708308929754,-0.18383949442704273,-0.22761575536282264,-0.2675803504490939,-0.3043442141236443,-0.3383822353831072,-0.3700708750554087,-0.39971361780889003
3031.0,1.0,1b,wmv,0.3641362295361389,0.1824563430885066,0.05355241224246132,-0.0464332443617369,-0.1281274742051709,-0.19719896136102877,-0.25703140505121613,-0.3098073606528031,-0.35701706165541436,-0.399723430953001,-0.43871129149884835,-0.4745766464955842,-0.5077827786547063,-0.5386969481030467,-0.5676152223448937
3031.0,1.0,2b,wmc,0.6218350755353269,0.41771918607953884,0.27289665776641175,0.16056357770105445,0.06878076831062374,-0.008820491314314283,-0.07604176000250318,-0.13533512114516433,-0.18837484006786065,-0.2363551020828134,-0.28015764945829136,-0.32045208699316086,-0.3577589090832294,-0.39249072952364883,-0.4249801777714184
3031.0,1.0,2b,wmv,,,,,,,,,,,,,,,
3032.0,1.0,1b,wmc,,,,,,,,,,,,,,,
3032.0,1.0,1b,wmv,0.3143843830609584,0.18453011313133347,0.09239704238606489,0.020933080713484542,-0.03745722754355996,-0.08682552974228852,-0.12959029828882862,-0.16731149747318497,-0.2010542599614089,-0.23157830153208403,-0.2594445682184535,-0.2850790486220416,-0.308812870417182,-0.3309085298910338,-0.35157763896372207
3032.0,1.0,2b,wmc,0.22761593516626405,0.10757890031354556,0.02241126870519361,-0.04364987863061537,-0.09762576614752488,-0.14326172879134053,-0.18279339775587683,-0.21766280100024332,-0.24885454509168575,-0.277070909820013,-0.30283043260859527,-0.3265268964931057,-0.3484663952524109,-0.3688915799444042,-0.3879980642169471
3032.0,1.0,2b,wmv,,,,,,,,,,,,,,,
3033.0,1.0,1b,wmc,,,,,,,,,,,,,,,
3033.0,1.0,1b,wmv,0.5015033138988665,0.334695707761456,0.21634382772365698,0.12454297760021271,0.04953622158624661,-0.013881087011315518,-0.06881565845155235,-0.11727138455116382,-0.16061650857499665,-0.19982694275480883,-0.23562326458896288,-0.26855268857337466,-0.2990405731865249,-0.32742411471240707,-0.35397514462676183
3033.0,1.0,2b,wmc,0.3165345691607373,0.1317472666645697,0.000638589045161897,-0.10105720201602142,-0.1841487134510057,-0.254401585359359,-0.3152573910704135,-0.3689360159471733,-0.4169531821315968,-0.46038999253592783,-0.5000446935665812,-0.5365234823444713,-0.5702975654749345,-0.6017404846277645,-0.6311533711859889
3033.0,1.0,2b,wmv,0.5843530759852309,0.4024700051951269,0.2734219127638722,0.1733244357469086,0.09153884197376827,0.022390107716011905,-0.03750925045748654,-0.09034422881633575,-0.13760672747445002,-0.18036085806105306,-0.21939232124759045,-0.25529778678553694,-0.2885410555053468,-0.31948979826455404,-0.34844041367884515
3036.0,1.0,1b,wmc,0.2433286052516655,0.08623876388892704,-0.025218252314544665,-0.11167103055882266,-0.18230809367728307,-0.24203087957372682,-0.2937651098807549,-0.3393979350400216,-0.38021788812503277,-0.41714402733235856,-0.4508549512434933,-0.48186599510210715,-0.5105777371399369,-0.5373077294877713,-0.562311967446965
3036.0,1.0,1b,wmv,0.22379305724174742,0.03160333587702102,-0.1047574415129423,-0.21052707765133227,-0.29694716287766876,-0.37001430382702183,-0.433307940267632,-0.489136884242395,-0.5390775764060219,-0.5842544277145904,-0.6254976616323583,-0.6634377590104822,-0.6985648025817114,-0.7312672977707483,-0.7618584390223216
3036.0,1.0,2b,wmc,0.2368568483284893,0.06068198073579378,-0.06431607707357123,-0.16127210317991014,-0.24049094466626664,-0.3074695207874123,-0.36548900247563165,-0.41666581225896215,-0.4624450285819707,-0.5038573670828302,-0.5416638700683273,-0.5764424814559791,-0.6086424461894727,-0.6386198961746662,-0.6666619278776921
3036.0,1.0,2b,wmv,0.19070452573276875,-0.008344271443360252,-0.14957164056974948,-0.25911609852309436,-0.3486204377458785,-0.4242952782929793,-0.4898478068722677,-0.5476692349220075,-0.5993922648256126,-0.6461814367403277,-0.6888966040483967,-0.7281907488873348,-0.7645714445954975,-0.7984410620017416,-0.8301239731747859
3038.0,1.0,1b,wmc,0.21402756520055122,0.015531917708881848,-0.1253029854705756,-0.23454302318521103,-0.323798632962245,-0.39926317575942716,-0.46463353614170244,-0.5222942804539144,-0.5738735738563379,-0.6205327202896236,-0.6631291836333717,-0.7023141314104482,-0.738593726430554,-0.7723692213480073,-0.8039640868128293
3038.0,1.0,1b,wmv,0.22144493044517938,-0.0022951638443269307,-0.1610412870707708,-0.2841743463963541,-0.3847813813602773,-0.4698434174014686,-0.543527504586721,-0.6085214756497835,-0.6666605639123043,-0.7192537666065316,-0.7672675988762275,-0.8114360429764459,-0.8523296349174191,-0.8904006582018108,-0.9260137221026715
3038.0,1.0,2b,wmc,0.31592432333582476,0.11379891132659979,-0.029611350763010136,-0.14084899204126866,-0.2317367627722352,-0.3085812779931969,-0.37514702486184515,-0.43386217478146016,-0.48638466614010367,-0.5338970389100026,-0.5772724368710702,-0.6171739350353254,-0.6541169520920318,-0.6885100781493285,-0.7206826989606803
3038.0,1.0,2b,wmv,0.31029099519604003,0.08218099467750972,-0.07966562636057362,-0.2052036186270063,-0.30777562687910376,-0.3944990241632599,-0.4696222479171871,-0.5358856273976339,-0.5951602401836199,-0.648780649757274,-0.6977322484357175,-0.7427633540075541,-0.7844556457198736,-0.82327024070215,-0.8595788694738008
3039.0,1.0,1b,wmc,0.2053860978165305,0.017652855042382454,-0.11554600046789942,-0.21886305945680973,-0.30327924324204747,-0.3746521096641088,-0.43647809875232946,-0.4910124860161955,-0.5397951577412397,-0.5839244521398093,-0.6242113415264774,-0.6612716872171047,-0.6955842079485386,-0.7275284005153877,-0.7574101970367593
3039.0,1.0,1b,wmv,0.20761640552539695,0.01081359462338027,-0.1288202218813057,-0.2371286243926748,-0.3256230327833223,-0.40044398897856726,-0.46525684928800815,-0.522425843685339,-0.5735652517993773,-0.6198264735863429,-0.6620596601900249,-0.7009104257610986,-0.7368806163852698,-0.7703680627013939,-0.8016934766947109
3039.0,1.0,2b,wmc,0.1488148127543072,-0.016360881249672665,-0.13355490120230923,-0.2244576452702522,-0.29873059520628903,-0.3615274796051812,-0.4159246151589256,-0.46390628921026894,-0.5068273592268686,-0.5456541898961644,-0.5811003091629054,-0.6137075780142789,-0.6438971935617976,-0.6720030532308485,-0.6982943291155421
3039.0,1.0,2b,wmv,0.12738077984275142,-0.06081748056149339,-0.19434627133100657,-0.2979192479891034,-0.3825445317352514,-0.45409418965521875,-0.5160733225047646,-0.5707427921394962,-0.6196462991628614,-0.6638849023849288,-0.7042715829090095,-0.7414237275472763,-0.7758212408289767,-0.8078445595671063,-0.8378003736785226
